INSERT INTO users (username, email, password, role) VALUES
('admin', 'admin@example.com', '6b86b273ff34fce19d6b804eff5a3f5747ada4eaa22f1d49c01e52ddb7875b4b', 'admin'),
('client_1', 'client1@example.com', '6b86b273ff34fce19d6b804eff5a3f5747ada4eaa22f1d49c01e52ddb7875b4b', 'client'),
('client_2', 'client2@example.com', '6b86b273ff34fce19d6b804eff5a3f5747ada4eaa22f1d49c01e52ddb7875b4b', 'client'),
('client_3', 'client3@example.com', '6b86b273ff34fce19d6b804eff5a3f5747ada4eaa22f1d49c01e52ddb7875b4b', 'client'),
('client_4', 'client4@example.com', '6b86b273ff34fce19d6b804eff5a3f5747ada4eaa22f1d49c01e52ddb7875b4b', 'client'),
('client_5', 'client5@example.com', '6b86b273ff34fce19d6b804eff5a3f5747ada4eaa22f1d49c01e52ddb7875b4b', 'client'),
('client_6', 'client6@example.com', '6b86b273ff34fce19d6b804eff5a3f5747ada4eaa22f1d49c01e52ddb7875b4b', 'client'),
('client_7', 'client7@example.com', '6b86b273ff34fce19d6b804eff5a3f5747ada4eaa22f1d49c01e52ddb7875b4b', 'client'),
('client_8', 'client8@example.com', '6b86b273ff34fce19d6b804eff5a3f5747ada4eaa22f1d49c01e52ddb7875b4b', 'client'),
('client_9', 'client9@example.com', '6b86b273ff34fce19d6b804eff5a3f5747ada4eaa22f1d49c01e52ddb7875b4b', 'client'),
('client_10', 'client10@example.com', '6b86b273ff34fce19d6b804eff5a3f5747ada4eaa22f1d49c01e52ddb7875b4b', 'client'),
('client_11', 'client11@example.com', '6b86b273ff34fce19d6b804eff5a3f5747ada4eaa22f1d49c01e52ddb7875b4b', 'client'),
('client_12', 'client12@example.com', '6b86b273ff34fce19d6b804eff5a3f5747ada4eaa22f1d49c01e52ddb7875b4b', 'client'),
('client_13', 'client13@example.com', '6b86b273ff34fce19d6b804eff5a3f5747ada4eaa22f1d49c01e52ddb7875b4b', 'client'),
('client_14', 'client14@example.com', '6b86b273ff34fce19d6b804eff5a3f5747ada4eaa22f1d49c01e52ddb7875b4b', 'client'),
('client_15', 'client15@example.com', '6b86b273ff34fce19d6b804eff5a3f5747ada4eaa22f1d49c01e52ddb7875b4b', 'client'),
('client_16', 'client16@example.com', '6b86b273ff34fce19d6b804eff5a3f5747ada4eaa22f1d49c01e52ddb7875b4b', 'client'),
('client_17', 'client17@example.com', '6b86b273ff34fce19d6b804eff5a3f5747ada4eaa22f1d49c01e52ddb7875b4b', 'client'),
('client_18', 'client18@example.com', '6b86b273ff34fce19d6b804eff5a3f5747ada4eaa22f1d49c01e52ddb7875b4b', 'client'),
('client_19', 'client19@example.com', '6b86b273ff34fce19d6b804eff5a3f5747ada4eaa22f1d49c01e52ddb7875b4b', 'client'),
('client_20', 'client20@example.com', '6b86b273ff34fce19d6b804eff5a3f5747ada4eaa22f1d49c01e52ddb7875b4b', 'client'),
('client_21', 'client21@example.com', '6b86b273ff34fce19d6b804eff5a3f5747ada4eaa22f1d49c01e52ddb7875b4b', 'client'),
('client_22', 'client22@example.com', '6b86b273ff34fce19d6b804eff5a3f5747ada4eaa22f1d49c01e52ddb7875b4b', 'client'),
('client_23', 'client23@example.com', '6b86b273ff34fce19d6b804eff5a3f5747ada4eaa22f1d49c01e52ddb7875b4b', 'client'),
('client_24', 'client24@example.com', '6b86b273ff34fce19d6b804eff5a3f5747ada4eaa22f1d49c01e52ddb7875b4b', 'client'),
('client_25', 'client25@example.com', '6b86b273ff34fce19d6b804eff5a3f5747ada4eaa22f1d49c01e52ddb7875b4b', 'client'),
('client_26', 'client26@example.com', '6b86b273ff34fce19d6b804eff5a3f5747ada4eaa22f1d49c01e52ddb7875b4b', 'client'),
('client_27', 'client27@example.com', '6b86b273ff34fce19d6b804eff5a3f5747ada4eaa22f1d49c01e52ddb7875b4b', 'client'),
('client_28', 'client28@example.com', '6b86b273ff34fce19d6b804eff5a3f5747ada4eaa22f1d49c01e52ddb7875b4b', 'client'),
('client_29', 'client29@example.com', '6b86b273ff34fce19d6b804eff5a3f5747ada4eaa22f1d49c01e52ddb7875b4b', 'client'),
('client_30', 'client30@example.com', '6b86b273ff34fce19d6b804eff5a3f5747ada4eaa22f1d49c01e52ddb7875b4b', 'client'),
('client_31', 'client31@example.com', '6b86b273ff34fce19d6b804eff5a3f5747ada4eaa22f1d49c01e52ddb7875b4b', 'client'),
('client_32', 'client32@example.com', '6b86b273ff34fce19d6b804eff5a3f5747ada4eaa22f1d49c01e52ddb7875b4b', 'client'),
('client_33', 'client33@example.com', '6b86b273ff34fce19d6b804eff5a3f5747ada4eaa22f1d49c01e52ddb7875b4b', 'client'),
('client_34', 'client34@example.com', '6b86b273ff34fce19d6b804eff5a3f5747ada4eaa22f1d49c01e52ddb7875b4b', 'client'),
('client_35', 'client35@example.com', '6b86b273ff34fce19d6b804eff5a3f5747ada4eaa22f1d49c01e52ddb7875b4b', 'client'),
('client_36', 'client36@example.com', '6b86b273ff34fce19d6b804eff5a3f5747ada4eaa22f1d49c01e52ddb7875b4b', 'client'),
('client_37', 'client37@example.com', '6b86b273ff34fce19d6b804eff5a3f5747ada4eaa22f1d49c01e52ddb7875b4b', 'client'),
('client_38', 'client38@example.com', '6b86b273ff34fce19d6b804eff5a3f5747ada4eaa22f1d49c01e52ddb7875b4b', 'client'),
('client_39', 'client39@example.com', '6b86b273ff34fce19d6b804eff5a3f5747ada4eaa22f1d49c01e52ddb7875b4b', 'client'),
('client_40', 'client40@example.com', '6b86b273ff34fce19d6b804eff5a3f5747ada4eaa22f1d49c01e52ddb7875b4b', 'client'),
('client_41', 'client41@example.com', '6b86b273ff34fce19d6b804eff5a3f5747ada4eaa22f1d49c01e52ddb7875b4b', 'client'),
('client_42', 'client42@example.com', '6b86b273ff34fce19d6b804eff5a3f5747ada4eaa22f1d49c01e52ddb7875b4b', 'client'),
('client_43', 'client43@example.com', '6b86b273ff34fce19d6b804eff5a3f5747ada4eaa22f1d49c01e52ddb7875b4b', 'client'),
('client_44', 'client44@example.com', '6b86b273ff34fce19d6b804eff5a3f5747ada4eaa22f1d49c01e52ddb7875b4b', 'client'),
('client_45', 'client45@example.com', '6b86b273ff34fce19d6b804eff5a3f5747ada4eaa22f1d49c01e52ddb7875b4b', 'client'),
('client_46', 'client46@example.com', '6b86b273ff34fce19d6b804eff5a3f5747ada4eaa22f1d49c01e52ddb7875b4b', 'client'),
('client_47', 'client47@example.com', '6b86b273ff34fce19d6b804eff5a3f5747ada4eaa22f1d49c01e52ddb7875b4b', 'client'),
('client_48', 'client48@example.com', '6b86b273ff34fce19d6b804eff5a3f5747ada4eaa22f1d49c01e52ddb7875b4b', 'client'),
('client_49', 'client49@example.com', '6b86b273ff34fce19d6b804eff5a3f5747ada4eaa22f1d49c01e52ddb7875b4b', 'client'),
('client_50', 'client50@example.com', '6b86b273ff34fce19d6b804eff5a3f5747ada4eaa22f1d49c01e52ddb7875b4b', 'client'),
('client_51', 'client51@example.com', '6b86b273ff34fce19d6b804eff5a3f5747ada4eaa22f1d49c01e52ddb7875b4b', 'client'),
('client_52', 'client52@example.com', '6b86b273ff34fce19d6b804eff5a3f5747ada4eaa22f1d49c01e52ddb7875b4b', 'client'),
('client_53', 'client53@example.com', '6b86b273ff34fce19d6b804eff5a3f5747ada4eaa22f1d49c01e52ddb7875b4b', 'client'),
('client_54', 'client54@example.com', '6b86b273ff34fce19d6b804eff5a3f5747ada4eaa22f1d49c01e52ddb7875b4b', 'client'),
('client_55', 'client55@example.com', '6b86b273ff34fce19d6b804eff5a3f5747ada4eaa22f1d49c01e52ddb7875b4b', 'client'),
('client_56', 'client56@example.com', '6b86b273ff34fce19d6b804eff5a3f5747ada4eaa22f1d49c01e52ddb7875b4b', 'client'),
('client_57', 'client57@example.com', '6b86b273ff34fce19d6b804eff5a3f5747ada4eaa22f1d49c01e52ddb7875b4b', 'client'),
('client_58', 'client58@example.com', '6b86b273ff34fce19d6b804eff5a3f5747ada4eaa22f1d49c01e52ddb7875b4b', 'client'),
('client_59', 'client59@example.com', '6b86b273ff34fce19d6b804eff5a3f5747ada4eaa22f1d49c01e52ddb7875b4b', 'client'),
('client_60', 'client60@example.com', '6b86b273ff34fce19d6b804eff5a3f5747ada4eaa22f1d49c01e52ddb7875b4b', 'client'),
('client_61', 'client61@example.com', '6b86b273ff34fce19d6b804eff5a3f5747ada4eaa22f1d49c01e52ddb7875b4b', 'client'),
('client_62', 'client62@example.com', '6b86b273ff34fce19d6b804eff5a3f5747ada4eaa22f1d49c01e52ddb7875b4b', 'client'),
('client_63', 'client63@example.com', '6b86b273ff34fce19d6b804eff5a3f5747ada4eaa22f1d49c01e52ddb7875b4b', 'client'),
('client_64', 'client64@example.com', '6b86b273ff34fce19d6b804eff5a3f5747ada4eaa22f1d49c01e52ddb7875b4b', 'client'),
('client_65', 'client65@example.com', '6b86b273ff34fce19d6b804eff5a3f5747ada4eaa22f1d49c01e52ddb7875b4b', 'client'),
('client_66', 'client66@example.com', '6b86b273ff34fce19d6b804eff5a3f5747ada4eaa22f1d49c01e52ddb7875b4b', 'client'),
('client_67', 'client67@example.com', '6b86b273ff34fce19d6b804eff5a3f5747ada4eaa22f1d49c01e52ddb7875b4b', 'client'),
('client_68', 'client68@example.com', '6b86b273ff34fce19d6b804eff5a3f5747ada4eaa22f1d49c01e52ddb7875b4b', 'client'),
('client_69', 'client69@example.com', '6b86b273ff34fce19d6b804eff5a3f5747ada4eaa22f1d49c01e52ddb7875b4b', 'client'),
('client_70', 'client70@example.com', '6b86b273ff34fce19d6b804eff5a3f5747ada4eaa22f1d49c01e52ddb7875b4b', 'client'),
('client_71', 'client71@example.com', '6b86b273ff34fce19d6b804eff5a3f5747ada4eaa22f1d49c01e52ddb7875b4b', 'client'),
('client_72', 'client72@example.com', '6b86b273ff34fce19d6b804eff5a3f5747ada4eaa22f1d49c01e52ddb7875b4b', 'client'),
('client_73', 'client73@example.com', '6b86b273ff34fce19d6b804eff5a3f5747ada4eaa22f1d49c01e52ddb7875b4b', 'client'),
('client_74', 'client74@example.com', '6b86b273ff34fce19d6b804eff5a3f5747ada4eaa22f1d49c01e52ddb7875b4b', 'client'),
('client_75', 'client75@example.com', '6b86b273ff34fce19d6b804eff5a3f5747ada4eaa22f1d49c01e52ddb7875b4b', 'client'),
('client_76', 'client76@example.com', '6b86b273ff34fce19d6b804eff5a3f5747ada4eaa22f1d49c01e52ddb7875b4b', 'client'),
('client_77', 'client77@example.com', '6b86b273ff34fce19d6b804eff5a3f5747ada4eaa22f1d49c01e52ddb7875b4b', 'client'),
('client_78', 'client78@example.com', '6b86b273ff34fce19d6b804eff5a3f5747ada4eaa22f1d49c01e52ddb7875b4b', 'client'),
('client_79', 'client79@example.com', '6b86b273ff34fce19d6b804eff5a3f5747ada4eaa22f1d49c01e52ddb7875b4b', 'client'),
('client_80', 'client80@example.com', '6b86b273ff34fce19d6b804eff5a3f5747ada4eaa22f1d49c01e52ddb7875b4b', 'client'),
('client_81', 'client81@example.com', '6b86b273ff34fce19d6b804eff5a3f5747ada4eaa22f1d49c01e52ddb7875b4b', 'client'),
('client_82', 'client82@example.com', '6b86b273ff34fce19d6b804eff5a3f5747ada4eaa22f1d49c01e52ddb7875b4b', 'client'),
('client_83', 'client83@example.com', '6b86b273ff34fce19d6b804eff5a3f5747ada4eaa22f1d49c01e52ddb7875b4b', 'client'),
('client_84', 'client84@example.com', '6b86b273ff34fce19d6b804eff5a3f5747ada4eaa22f1d49c01e52ddb7875b4b', 'client'),
('client_85', 'client85@example.com', '6b86b273ff34fce19d6b804eff5a3f5747ada4eaa22f1d49c01e52ddb7875b4b', 'client'),
('client_86', 'client86@example.com', '6b86b273ff34fce19d6b804eff5a3f5747ada4eaa22f1d49c01e52ddb7875b4b', 'client'),
('client_87', 'client87@example.com', '6b86b273ff34fce19d6b804eff5a3f5747ada4eaa22f1d49c01e52ddb7875b4b', 'client'),
('client_88', 'client88@example.com', '6b86b273ff34fce19d6b804eff5a3f5747ada4eaa22f1d49c01e52ddb7875b4b', 'client'),
('client_89', 'client89@example.com', '6b86b273ff34fce19d6b804eff5a3f5747ada4eaa22f1d49c01e52ddb7875b4b', 'client'),
('client_90', 'client90@example.com', '6b86b273ff34fce19d6b804eff5a3f5747ada4eaa22f1d49c01e52ddb7875b4b', 'client'),
('client_91', 'client91@example.com', '6b86b273ff34fce19d6b804eff5a3f5747ada4eaa22f1d49c01e52ddb7875b4b', 'client'),
('client_92', 'client92@example.com', '6b86b273ff34fce19d6b804eff5a3f5747ada4eaa22f1d49c01e52ddb7875b4b', 'client'),
('client_93', 'client93@example.com', '6b86b273ff34fce19d6b804eff5a3f5747ada4eaa22f1d49c01e52ddb7875b4b', 'client'),
('client_94', 'client94@example.com', '6b86b273ff34fce19d6b804eff5a3f5747ada4eaa22f1d49c01e52ddb7875b4b', 'client'),
('client_95', 'client95@example.com', '6b86b273ff34fce19d6b804eff5a3f5747ada4eaa22f1d49c01e52ddb7875b4b', 'client'),
('client_96', 'client96@example.com', '6b86b273ff34fce19d6b804eff5a3f5747ada4eaa22f1d49c01e52ddb7875b4b', 'client'),
('client_97', 'client97@example.com', '6b86b273ff34fce19d6b804eff5a3f5747ada4eaa22f1d49c01e52ddb7875b4b', 'client'),
('client_98', 'client98@example.com', '6b86b273ff34fce19d6b804eff5a3f5747ada4eaa22f1d49c01e52ddb7875b4b', 'client'),
('client_99', 'client99@example.com', '6b86b273ff34fce19d6b804eff5a3f5747ada4eaa22f1d49c01e52ddb7875b4b', 'client'),
('client_100', 'client100@example.com', '6b86b273ff34fce19d6b804eff5a3f5747ada4eaa22f1d49c01e52ddb7875b4b', 'client'),
('client_101', 'client101@example.com', '6b86b273ff34fce19d6b804eff5a3f5747ada4eaa22f1d49c01e52ddb7875b4b', 'client'),
('client_102', 'client102@example.com', '6b86b273ff34fce19d6b804eff5a3f5747ada4eaa22f1d49c01e52ddb7875b4b', 'client'),
('client_103', 'client103@example.com', '6b86b273ff34fce19d6b804eff5a3f5747ada4eaa22f1d49c01e52ddb7875b4b', 'client'),
('client_104', 'client104@example.com', '6b86b273ff34fce19d6b804eff5a3f5747ada4eaa22f1d49c01e52ddb7875b4b', 'client'),
('client_105', 'client105@example.com', '6b86b273ff34fce19d6b804eff5a3f5747ada4eaa22f1d49c01e52ddb7875b4b', 'client'),
('client_106', 'client106@example.com', '6b86b273ff34fce19d6b804eff5a3f5747ada4eaa22f1d49c01e52ddb7875b4b', 'client'),
('client_107', 'client107@example.com', '6b86b273ff34fce19d6b804eff5a3f5747ada4eaa22f1d49c01e52ddb7875b4b', 'client'),
('client_108', 'client108@example.com', '6b86b273ff34fce19d6b804eff5a3f5747ada4eaa22f1d49c01e52ddb7875b4b', 'client'),
('client_109', 'client109@example.com', '6b86b273ff34fce19d6b804eff5a3f5747ada4eaa22f1d49c01e52ddb7875b4b', 'client'),
('client_110', 'client110@example.com', '6b86b273ff34fce19d6b804eff5a3f5747ada4eaa22f1d49c01e52ddb7875b4b', 'client'),
('client_111', 'client111@example.com', '6b86b273ff34fce19d6b804eff5a3f5747ada4eaa22f1d49c01e52ddb7875b4b', 'client'),
('client_112', 'client112@example.com', '6b86b273ff34fce19d6b804eff5a3f5747ada4eaa22f1d49c01e52ddb7875b4b', 'client'),
('client_113', 'client113@example.com', '6b86b273ff34fce19d6b804eff5a3f5747ada4eaa22f1d49c01e52ddb7875b4b', 'client'),
('client_114', 'client114@example.com', '6b86b273ff34fce19d6b804eff5a3f5747ada4eaa22f1d49c01e52ddb7875b4b', 'client'),
('client_115', 'client115@example.com', '6b86b273ff34fce19d6b804eff5a3f5747ada4eaa22f1d49c01e52ddb7875b4b', 'client'),
('client_116', 'client116@example.com', '6b86b273ff34fce19d6b804eff5a3f5747ada4eaa22f1d49c01e52ddb7875b4b', 'client'),
('client_117', 'client117@example.com', '6b86b273ff34fce19d6b804eff5a3f5747ada4eaa22f1d49c01e52ddb7875b4b', 'client'),
('client_118', 'client118@example.com', '6b86b273ff34fce19d6b804eff5a3f5747ada4eaa22f1d49c01e52ddb7875b4b', 'client'),
('client_119', 'client119@example.com', '6b86b273ff34fce19d6b804eff5a3f5747ada4eaa22f1d49c01e52ddb7875b4b', 'client'),
('client_120', 'client120@example.com', '6b86b273ff34fce19d6b804eff5a3f5747ada4eaa22f1d49c01e52ddb7875b4b', 'client'),
('client_121', 'client121@example.com', '6b86b273ff34fce19d6b804eff5a3f5747ada4eaa22f1d49c01e52ddb7875b4b', 'client'),
('client_122', 'client122@example.com', '6b86b273ff34fce19d6b804eff5a3f5747ada4eaa22f1d49c01e52ddb7875b4b', 'client'),
('client_123', 'client123@example.com', '6b86b273ff34fce19d6b804eff5a3f5747ada4eaa22f1d49c01e52ddb7875b4b', 'client'),
('client_124', 'client124@example.com', '6b86b273ff34fce19d6b804eff5a3f5747ada4eaa22f1d49c01e52ddb7875b4b', 'client'),
('client_125', 'client125@example.com', '6b86b273ff34fce19d6b804eff5a3f5747ada4eaa22f1d49c01e52ddb7875b4b', 'client'),
('client_126', 'client126@example.com', '6b86b273ff34fce19d6b804eff5a3f5747ada4eaa22f1d49c01e52ddb7875b4b', 'client'),
('client_127', 'client127@example.com', '6b86b273ff34fce19d6b804eff5a3f5747ada4eaa22f1d49c01e52ddb7875b4b', 'client'),
('client_128', 'client128@example.com', '6b86b273ff34fce19d6b804eff5a3f5747ada4eaa22f1d49c01e52ddb7875b4b', 'client'),
('client_129', 'client129@example.com', '6b86b273ff34fce19d6b804eff5a3f5747ada4eaa22f1d49c01e52ddb7875b4b', 'client'),
('client_130', 'client130@example.com', '6b86b273ff34fce19d6b804eff5a3f5747ada4eaa22f1d49c01e52ddb7875b4b', 'client'),
('client_131', 'client131@example.com', '6b86b273ff34fce19d6b804eff5a3f5747ada4eaa22f1d49c01e52ddb7875b4b', 'client'),
('client_132', 'client132@example.com', '6b86b273ff34fce19d6b804eff5a3f5747ada4eaa22f1d49c01e52ddb7875b4b', 'client'),
('client_133', 'client133@example.com', '6b86b273ff34fce19d6b804eff5a3f5747ada4eaa22f1d49c01e52ddb7875b4b', 'client'),
('client_134', 'client134@example.com', '6b86b273ff34fce19d6b804eff5a3f5747ada4eaa22f1d49c01e52ddb7875b4b', 'client'),
('client_135', 'client135@example.com', '6b86b273ff34fce19d6b804eff5a3f5747ada4eaa22f1d49c01e52ddb7875b4b', 'client'),
('client_136', 'client136@example.com', '6b86b273ff34fce19d6b804eff5a3f5747ada4eaa22f1d49c01e52ddb7875b4b', 'client'),
('client_137', 'client137@example.com', '6b86b273ff34fce19d6b804eff5a3f5747ada4eaa22f1d49c01e52ddb7875b4b', 'client'),
('client_138', 'client138@example.com', '6b86b273ff34fce19d6b804eff5a3f5747ada4eaa22f1d49c01e52ddb7875b4b', 'client'),
('client_139', 'client139@example.com', '6b86b273ff34fce19d6b804eff5a3f5747ada4eaa22f1d49c01e52ddb7875b4b', 'client'),
('client_140', 'client140@example.com', '6b86b273ff34fce19d6b804eff5a3f5747ada4eaa22f1d49c01e52ddb7875b4b', 'client'),
('client_141', 'client141@example.com', '6b86b273ff34fce19d6b804eff5a3f5747ada4eaa22f1d49c01e52ddb7875b4b', 'client'),
('client_142', 'client142@example.com', '6b86b273ff34fce19d6b804eff5a3f5747ada4eaa22f1d49c01e52ddb7875b4b', 'client'),
('client_143', 'client143@example.com', '6b86b273ff34fce19d6b804eff5a3f5747ada4eaa22f1d49c01e52ddb7875b4b', 'client'),
('client_144', 'client144@example.com', '6b86b273ff34fce19d6b804eff5a3f5747ada4eaa22f1d49c01e52ddb7875b4b', 'client'),
('client_145', 'client145@example.com', '6b86b273ff34fce19d6b804eff5a3f5747ada4eaa22f1d49c01e52ddb7875b4b', 'client'),
('client_146', 'client146@example.com', '6b86b273ff34fce19d6b804eff5a3f5747ada4eaa22f1d49c01e52ddb7875b4b', 'client'),
('client_147', 'client147@example.com', '6b86b273ff34fce19d6b804eff5a3f5747ada4eaa22f1d49c01e52ddb7875b4b', 'client'),
('client_148', 'client148@example.com', '6b86b273ff34fce19d6b804eff5a3f5747ada4eaa22f1d49c01e52ddb7875b4b', 'client'),
('client_149', 'client149@example.com', '6b86b273ff34fce19d6b804eff5a3f5747ada4eaa22f1d49c01e52ddb7875b4b', 'client'),
('client_150', 'client150@example.com', '6b86b273ff34fce19d6b804eff5a3f5747ada4eaa22f1d49c01e52ddb7875b4b', 'client'),
('client_151', 'client151@example.com', '6b86b273ff34fce19d6b804eff5a3f5747ada4eaa22f1d49c01e52ddb7875b4b', 'client'),
('client_152', 'client152@example.com', '6b86b273ff34fce19d6b804eff5a3f5747ada4eaa22f1d49c01e52ddb7875b4b', 'client'),
('client_153', 'client153@example.com', '6b86b273ff34fce19d6b804eff5a3f5747ada4eaa22f1d49c01e52ddb7875b4b', 'client'),
('client_154', 'client154@example.com', '6b86b273ff34fce19d6b804eff5a3f5747ada4eaa22f1d49c01e52ddb7875b4b', 'client'),
('client_155', 'client155@example.com', '6b86b273ff34fce19d6b804eff5a3f5747ada4eaa22f1d49c01e52ddb7875b4b', 'client'),
('client_156', 'client156@example.com', '6b86b273ff34fce19d6b804eff5a3f5747ada4eaa22f1d49c01e52ddb7875b4b', 'client'),
('client_157', 'client157@example.com', '6b86b273ff34fce19d6b804eff5a3f5747ada4eaa22f1d49c01e52ddb7875b4b', 'client'),
('client_158', 'client158@example.com', '6b86b273ff34fce19d6b804eff5a3f5747ada4eaa22f1d49c01e52ddb7875b4b', 'client'),
('client_159', 'client159@example.com', '6b86b273ff34fce19d6b804eff5a3f5747ada4eaa22f1d49c01e52ddb7875b4b', 'client'),
('client_160', 'client160@example.com', '6b86b273ff34fce19d6b804eff5a3f5747ada4eaa22f1d49c01e52ddb7875b4b', 'client'),
('client_161', 'client161@example.com', '6b86b273ff34fce19d6b804eff5a3f5747ada4eaa22f1d49c01e52ddb7875b4b', 'client'),
('client_162', 'client162@example.com', '6b86b273ff34fce19d6b804eff5a3f5747ada4eaa22f1d49c01e52ddb7875b4b', 'client'),
('client_163', 'client163@example.com', '6b86b273ff34fce19d6b804eff5a3f5747ada4eaa22f1d49c01e52ddb7875b4b', 'client'),
('client_164', 'client164@example.com', '6b86b273ff34fce19d6b804eff5a3f5747ada4eaa22f1d49c01e52ddb7875b4b', 'client'),
('client_165', 'client165@example.com', '6b86b273ff34fce19d6b804eff5a3f5747ada4eaa22f1d49c01e52ddb7875b4b', 'client'),
('client_166', 'client166@example.com', '6b86b273ff34fce19d6b804eff5a3f5747ada4eaa22f1d49c01e52ddb7875b4b', 'client'),
('client_167', 'client167@example.com', '6b86b273ff34fce19d6b804eff5a3f5747ada4eaa22f1d49c01e52ddb7875b4b', 'client'),
('client_168', 'client168@example.com', '6b86b273ff34fce19d6b804eff5a3f5747ada4eaa22f1d49c01e52ddb7875b4b', 'client'),
('client_169', 'client169@example.com', '6b86b273ff34fce19d6b804eff5a3f5747ada4eaa22f1d49c01e52ddb7875b4b', 'client'),
('client_170', 'client170@example.com', '6b86b273ff34fce19d6b804eff5a3f5747ada4eaa22f1d49c01e52ddb7875b4b', 'client'),
('client_171', 'client171@example.com', '6b86b273ff34fce19d6b804eff5a3f5747ada4eaa22f1d49c01e52ddb7875b4b', 'client'),
('client_172', 'client172@example.com', '6b86b273ff34fce19d6b804eff5a3f5747ada4eaa22f1d49c01e52ddb7875b4b', 'client'),
('client_173', 'client173@example.com', '6b86b273ff34fce19d6b804eff5a3f5747ada4eaa22f1d49c01e52ddb7875b4b', 'client'),
('client_174', 'client174@example.com', '6b86b273ff34fce19d6b804eff5a3f5747ada4eaa22f1d49c01e52ddb7875b4b', 'client'),
('client_175', 'client175@example.com', '6b86b273ff34fce19d6b804eff5a3f5747ada4eaa22f1d49c01e52ddb7875b4b', 'client'),
('client_176', 'client176@example.com', '6b86b273ff34fce19d6b804eff5a3f5747ada4eaa22f1d49c01e52ddb7875b4b', 'client'),
('client_177', 'client177@example.com', '6b86b273ff34fce19d6b804eff5a3f5747ada4eaa22f1d49c01e52ddb7875b4b', 'client'),
('client_178', 'client178@example.com', '6b86b273ff34fce19d6b804eff5a3f5747ada4eaa22f1d49c01e52ddb7875b4b', 'client'),
('client_179', 'client179@example.com', '6b86b273ff34fce19d6b804eff5a3f5747ada4eaa22f1d49c01e52ddb7875b4b', 'client'),
('client_180', 'client180@example.com', '6b86b273ff34fce19d6b804eff5a3f5747ada4eaa22f1d49c01e52ddb7875b4b', 'client'),
('client_181', 'client181@example.com', '6b86b273ff34fce19d6b804eff5a3f5747ada4eaa22f1d49c01e52ddb7875b4b', 'client'),
('client_182', 'client182@example.com', '6b86b273ff34fce19d6b804eff5a3f5747ada4eaa22f1d49c01e52ddb7875b4b', 'client'),
('client_183', 'client183@example.com', '6b86b273ff34fce19d6b804eff5a3f5747ada4eaa22f1d49c01e52ddb7875b4b', 'client'),
('client_184', 'client184@example.com', '6b86b273ff34fce19d6b804eff5a3f5747ada4eaa22f1d49c01e52ddb7875b4b', 'client'),
('client_185', 'client185@example.com', '6b86b273ff34fce19d6b804eff5a3f5747ada4eaa22f1d49c01e52ddb7875b4b', 'client'),
('client_186', 'client186@example.com', '6b86b273ff34fce19d6b804eff5a3f5747ada4eaa22f1d49c01e52ddb7875b4b', 'client'),
('client_187', 'client187@example.com', '6b86b273ff34fce19d6b804eff5a3f5747ada4eaa22f1d49c01e52ddb7875b4b', 'client'),
('client_188', 'client188@example.com', '6b86b273ff34fce19d6b804eff5a3f5747ada4eaa22f1d49c01e52ddb7875b4b', 'client'),
('client_189', 'client189@example.com', '6b86b273ff34fce19d6b804eff5a3f5747ada4eaa22f1d49c01e52ddb7875b4b', 'client'),
('client_190', 'client190@example.com', '6b86b273ff34fce19d6b804eff5a3f5747ada4eaa22f1d49c01e52ddb7875b4b', 'client'),
('client_191', 'client191@example.com', '6b86b273ff34fce19d6b804eff5a3f5747ada4eaa22f1d49c01e52ddb7875b4b', 'client'),
('client_192', 'client192@example.com', '6b86b273ff34fce19d6b804eff5a3f5747ada4eaa22f1d49c01e52ddb7875b4b', 'client'),
('client_193', 'client193@example.com', '6b86b273ff34fce19d6b804eff5a3f5747ada4eaa22f1d49c01e52ddb7875b4b', 'client'),
('client_194', 'client194@example.com', '6b86b273ff34fce19d6b804eff5a3f5747ada4eaa22f1d49c01e52ddb7875b4b', 'client'),
('client_195', 'client195@example.com', '6b86b273ff34fce19d6b804eff5a3f5747ada4eaa22f1d49c01e52ddb7875b4b', 'client'),
('client_196', 'client196@example.com', '6b86b273ff34fce19d6b804eff5a3f5747ada4eaa22f1d49c01e52ddb7875b4b', 'client'),
('client_197', 'client197@example.com', '6b86b273ff34fce19d6b804eff5a3f5747ada4eaa22f1d49c01e52ddb7875b4b', 'client'),
('client_198', 'client198@example.com', '6b86b273ff34fce19d6b804eff5a3f5747ada4eaa22f1d49c01e52ddb7875b4b', 'client'),
('client_199', 'client199@example.com', '6b86b273ff34fce19d6b804eff5a3f5747ada4eaa22f1d49c01e52ddb7875b4b', 'client'),
('client_200', 'client200@example.com', '6b86b273ff34fce19d6b804eff5a3f5747ada4eaa22f1d49c01e52ddb7875b4b', 'client'),
('client_201', 'client201@example.com', '6b86b273ff34fce19d6b804eff5a3f5747ada4eaa22f1d49c01e52ddb7875b4b', 'client'),
('client_202', 'client202@example.com', '6b86b273ff34fce19d6b804eff5a3f5747ada4eaa22f1d49c01e52ddb7875b4b', 'client'),
('client_203', 'client203@example.com', '6b86b273ff34fce19d6b804eff5a3f5747ada4eaa22f1d49c01e52ddb7875b4b', 'client'),
('client_204', 'client204@example.com', '6b86b273ff34fce19d6b804eff5a3f5747ada4eaa22f1d49c01e52ddb7875b4b', 'client'),
('client_205', 'client205@example.com', '6b86b273ff34fce19d6b804eff5a3f5747ada4eaa22f1d49c01e52ddb7875b4b', 'client'),
('client_206', 'client206@example.com', '6b86b273ff34fce19d6b804eff5a3f5747ada4eaa22f1d49c01e52ddb7875b4b', 'client'),
('client_207', 'client207@example.com', '6b86b273ff34fce19d6b804eff5a3f5747ada4eaa22f1d49c01e52ddb7875b4b', 'client'),
('client_208', 'client208@example.com', '6b86b273ff34fce19d6b804eff5a3f5747ada4eaa22f1d49c01e52ddb7875b4b', 'client'),
('client_209', 'client209@example.com', '6b86b273ff34fce19d6b804eff5a3f5747ada4eaa22f1d49c01e52ddb7875b4b', 'client'),
('client_210', 'client210@example.com', '6b86b273ff34fce19d6b804eff5a3f5747ada4eaa22f1d49c01e52ddb7875b4b', 'client'),
('client_211', 'client211@example.com', '6b86b273ff34fce19d6b804eff5a3f5747ada4eaa22f1d49c01e52ddb7875b4b', 'client'),
('client_212', 'client212@example.com', '6b86b273ff34fce19d6b804eff5a3f5747ada4eaa22f1d49c01e52ddb7875b4b', 'client'),
('client_213', 'client213@example.com', '6b86b273ff34fce19d6b804eff5a3f5747ada4eaa22f1d49c01e52ddb7875b4b', 'client'),
('client_214', 'client214@example.com', '6b86b273ff34fce19d6b804eff5a3f5747ada4eaa22f1d49c01e52ddb7875b4b', 'client'),
('client_215', 'client215@example.com', '6b86b273ff34fce19d6b804eff5a3f5747ada4eaa22f1d49c01e52ddb7875b4b', 'client'),
('client_216', 'client216@example.com', '6b86b273ff34fce19d6b804eff5a3f5747ada4eaa22f1d49c01e52ddb7875b4b', 'client'),
('client_217', 'client217@example.com', '6b86b273ff34fce19d6b804eff5a3f5747ada4eaa22f1d49c01e52ddb7875b4b', 'client'),
('client_218', 'client218@example.com', '6b86b273ff34fce19d6b804eff5a3f5747ada4eaa22f1d49c01e52ddb7875b4b', 'client'),
('client_219', 'client219@example.com', '6b86b273ff34fce19d6b804eff5a3f5747ada4eaa22f1d49c01e52ddb7875b4b', 'client'),
('client_220', 'client220@example.com', '6b86b273ff34fce19d6b804eff5a3f5747ada4eaa22f1d49c01e52ddb7875b4b', 'client'),
('client_221', 'client221@example.com', '6b86b273ff34fce19d6b804eff5a3f5747ada4eaa22f1d49c01e52ddb7875b4b', 'client'),
('client_222', 'client222@example.com', '6b86b273ff34fce19d6b804eff5a3f5747ada4eaa22f1d49c01e52ddb7875b4b', 'client'),
('client_223', 'client223@example.com', '6b86b273ff34fce19d6b804eff5a3f5747ada4eaa22f1d49c01e52ddb7875b4b', 'client'),
('client_224', 'client224@example.com', '6b86b273ff34fce19d6b804eff5a3f5747ada4eaa22f1d49c01e52ddb7875b4b', 'client'),
('client_225', 'client225@example.com', '6b86b273ff34fce19d6b804eff5a3f5747ada4eaa22f1d49c01e52ddb7875b4b', 'client'),
('client_226', 'client226@example.com', '6b86b273ff34fce19d6b804eff5a3f5747ada4eaa22f1d49c01e52ddb7875b4b', 'client'),
('client_227', 'client227@example.com', '6b86b273ff34fce19d6b804eff5a3f5747ada4eaa22f1d49c01e52ddb7875b4b', 'client'),
('client_228', 'client228@example.com', '6b86b273ff34fce19d6b804eff5a3f5747ada4eaa22f1d49c01e52ddb7875b4b', 'client'),
('client_229', 'client229@example.com', '6b86b273ff34fce19d6b804eff5a3f5747ada4eaa22f1d49c01e52ddb7875b4b', 'client'),
('client_230', 'client230@example.com', '6b86b273ff34fce19d6b804eff5a3f5747ada4eaa22f1d49c01e52ddb7875b4b', 'client'),
('client_231', 'client231@example.com', '6b86b273ff34fce19d6b804eff5a3f5747ada4eaa22f1d49c01e52ddb7875b4b', 'client'),
('client_232', 'client232@example.com', '6b86b273ff34fce19d6b804eff5a3f5747ada4eaa22f1d49c01e52ddb7875b4b', 'client'),
('client_233', 'client233@example.com', '6b86b273ff34fce19d6b804eff5a3f5747ada4eaa22f1d49c01e52ddb7875b4b', 'client'),
('client_234', 'client234@example.com', '6b86b273ff34fce19d6b804eff5a3f5747ada4eaa22f1d49c01e52ddb7875b4b', 'client'),
('client_235', 'client235@example.com', '6b86b273ff34fce19d6b804eff5a3f5747ada4eaa22f1d49c01e52ddb7875b4b', 'client'),
('client_236', 'client236@example.com', '6b86b273ff34fce19d6b804eff5a3f5747ada4eaa22f1d49c01e52ddb7875b4b', 'client'),
('client_237', 'client237@example.com', '6b86b273ff34fce19d6b804eff5a3f5747ada4eaa22f1d49c01e52ddb7875b4b', 'client'),
('client_238', 'client238@example.com', '6b86b273ff34fce19d6b804eff5a3f5747ada4eaa22f1d49c01e52ddb7875b4b', 'client'),
('client_239', 'client239@example.com', '6b86b273ff34fce19d6b804eff5a3f5747ada4eaa22f1d49c01e52ddb7875b4b', 'client'),
('client_240', 'client240@example.com', '6b86b273ff34fce19d6b804eff5a3f5747ada4eaa22f1d49c01e52ddb7875b4b', 'client'),
('client_241', 'client241@example.com', '6b86b273ff34fce19d6b804eff5a3f5747ada4eaa22f1d49c01e52ddb7875b4b', 'client'),
('client_242', 'client242@example.com', '6b86b273ff34fce19d6b804eff5a3f5747ada4eaa22f1d49c01e52ddb7875b4b', 'client'),
('client_243', 'client243@example.com', '6b86b273ff34fce19d6b804eff5a3f5747ada4eaa22f1d49c01e52ddb7875b4b', 'client'),
('client_244', 'client244@example.com', '6b86b273ff34fce19d6b804eff5a3f5747ada4eaa22f1d49c01e52ddb7875b4b', 'client'),
('client_245', 'client245@example.com', '6b86b273ff34fce19d6b804eff5a3f5747ada4eaa22f1d49c01e52ddb7875b4b', 'client'),
('client_246', 'client246@example.com', '6b86b273ff34fce19d6b804eff5a3f5747ada4eaa22f1d49c01e52ddb7875b4b', 'client'),
('client_247', 'client247@example.com', '6b86b273ff34fce19d6b804eff5a3f5747ada4eaa22f1d49c01e52ddb7875b4b', 'client'),
('client_248', 'client248@example.com', '6b86b273ff34fce19d6b804eff5a3f5747ada4eaa22f1d49c01e52ddb7875b4b', 'client'),
('client_249', 'client249@example.com', '6b86b273ff34fce19d6b804eff5a3f5747ada4eaa22f1d49c01e52ddb7875b4b', 'client'),
('client_250', 'client250@example.com', '6b86b273ff34fce19d6b804eff5a3f5747ada4eaa22f1d49c01e52ddb7875b4b', 'client'),
('client_251', 'client251@example.com', '6b86b273ff34fce19d6b804eff5a3f5747ada4eaa22f1d49c01e52ddb7875b4b', 'client'),
('client_252', 'client252@example.com', '6b86b273ff34fce19d6b804eff5a3f5747ada4eaa22f1d49c01e52ddb7875b4b', 'client'),
('client_253', 'client253@example.com', '6b86b273ff34fce19d6b804eff5a3f5747ada4eaa22f1d49c01e52ddb7875b4b', 'client'),
('client_254', 'client254@example.com', '6b86b273ff34fce19d6b804eff5a3f5747ada4eaa22f1d49c01e52ddb7875b4b', 'client'),
('client_255', 'client255@example.com', '6b86b273ff34fce19d6b804eff5a3f5747ada4eaa22f1d49c01e52ddb7875b4b', 'client'),
('client_256', 'client256@example.com', '6b86b273ff34fce19d6b804eff5a3f5747ada4eaa22f1d49c01e52ddb7875b4b', 'client'),
('client_257', 'client257@example.com', '6b86b273ff34fce19d6b804eff5a3f5747ada4eaa22f1d49c01e52ddb7875b4b', 'client'),
('client_258', 'client258@example.com', '6b86b273ff34fce19d6b804eff5a3f5747ada4eaa22f1d49c01e52ddb7875b4b', 'client'),
('client_259', 'client259@example.com', '6b86b273ff34fce19d6b804eff5a3f5747ada4eaa22f1d49c01e52ddb7875b4b', 'client'),
('client_260', 'client260@example.com', '6b86b273ff34fce19d6b804eff5a3f5747ada4eaa22f1d49c01e52ddb7875b4b', 'client'),
('client_261', 'client261@example.com', '6b86b273ff34fce19d6b804eff5a3f5747ada4eaa22f1d49c01e52ddb7875b4b', 'client'),
('client_262', 'client262@example.com', '6b86b273ff34fce19d6b804eff5a3f5747ada4eaa22f1d49c01e52ddb7875b4b', 'client'),
('client_263', 'client263@example.com', '6b86b273ff34fce19d6b804eff5a3f5747ada4eaa22f1d49c01e52ddb7875b4b', 'client'),
('client_264', 'client264@example.com', '6b86b273ff34fce19d6b804eff5a3f5747ada4eaa22f1d49c01e52ddb7875b4b', 'client'),
('client_265', 'client265@example.com', '6b86b273ff34fce19d6b804eff5a3f5747ada4eaa22f1d49c01e52ddb7875b4b', 'client'),
('client_266', 'client266@example.com', '6b86b273ff34fce19d6b804eff5a3f5747ada4eaa22f1d49c01e52ddb7875b4b', 'client'),
('client_267', 'client267@example.com', '6b86b273ff34fce19d6b804eff5a3f5747ada4eaa22f1d49c01e52ddb7875b4b', 'client'),
('client_268', 'client268@example.com', '6b86b273ff34fce19d6b804eff5a3f5747ada4eaa22f1d49c01e52ddb7875b4b', 'client'),
('client_269', 'client269@example.com', '6b86b273ff34fce19d6b804eff5a3f5747ada4eaa22f1d49c01e52ddb7875b4b', 'client'),
('client_270', 'client270@example.com', '6b86b273ff34fce19d6b804eff5a3f5747ada4eaa22f1d49c01e52ddb7875b4b', 'client'),
('client_271', 'client271@example.com', '6b86b273ff34fce19d6b804eff5a3f5747ada4eaa22f1d49c01e52ddb7875b4b', 'client'),
('client_272', 'client272@example.com', '6b86b273ff34fce19d6b804eff5a3f5747ada4eaa22f1d49c01e52ddb7875b4b', 'client'),
('client_273', 'client273@example.com', '6b86b273ff34fce19d6b804eff5a3f5747ada4eaa22f1d49c01e52ddb7875b4b', 'client'),
('client_274', 'client274@example.com', '6b86b273ff34fce19d6b804eff5a3f5747ada4eaa22f1d49c01e52ddb7875b4b', 'client'),
('client_275', 'client275@example.com', '6b86b273ff34fce19d6b804eff5a3f5747ada4eaa22f1d49c01e52ddb7875b4b', 'client'),
('client_276', 'client276@example.com', '6b86b273ff34fce19d6b804eff5a3f5747ada4eaa22f1d49c01e52ddb7875b4b', 'client'),
('client_277', 'client277@example.com', '6b86b273ff34fce19d6b804eff5a3f5747ada4eaa22f1d49c01e52ddb7875b4b', 'client'),
('client_278', 'client278@example.com', '6b86b273ff34fce19d6b804eff5a3f5747ada4eaa22f1d49c01e52ddb7875b4b', 'client'),
('client_279', 'client279@example.com', '6b86b273ff34fce19d6b804eff5a3f5747ada4eaa22f1d49c01e52ddb7875b4b', 'client'),
('client_280', 'client280@example.com', '6b86b273ff34fce19d6b804eff5a3f5747ada4eaa22f1d49c01e52ddb7875b4b', 'client'),
('client_281', 'client281@example.com', '6b86b273ff34fce19d6b804eff5a3f5747ada4eaa22f1d49c01e52ddb7875b4b', 'client'),
('client_282', 'client282@example.com', '6b86b273ff34fce19d6b804eff5a3f5747ada4eaa22f1d49c01e52ddb7875b4b', 'client'),
('client_283', 'client283@example.com', '6b86b273ff34fce19d6b804eff5a3f5747ada4eaa22f1d49c01e52ddb7875b4b', 'client'),
('client_284', 'client284@example.com', '6b86b273ff34fce19d6b804eff5a3f5747ada4eaa22f1d49c01e52ddb7875b4b', 'client'),
('client_285', 'client285@example.com', '6b86b273ff34fce19d6b804eff5a3f5747ada4eaa22f1d49c01e52ddb7875b4b', 'client'),
('client_286', 'client286@example.com', '6b86b273ff34fce19d6b804eff5a3f5747ada4eaa22f1d49c01e52ddb7875b4b', 'client'),
('client_287', 'client287@example.com', '6b86b273ff34fce19d6b804eff5a3f5747ada4eaa22f1d49c01e52ddb7875b4b', 'client'),
('client_288', 'client288@example.com', '6b86b273ff34fce19d6b804eff5a3f5747ada4eaa22f1d49c01e52ddb7875b4b', 'client'),
('client_289', 'client289@example.com', '6b86b273ff34fce19d6b804eff5a3f5747ada4eaa22f1d49c01e52ddb7875b4b', 'client'),
('client_290', 'client290@example.com', '6b86b273ff34fce19d6b804eff5a3f5747ada4eaa22f1d49c01e52ddb7875b4b', 'client'),
('client_291', 'client291@example.com', '6b86b273ff34fce19d6b804eff5a3f5747ada4eaa22f1d49c01e52ddb7875b4b', 'client'),
('client_292', 'client292@example.com', '6b86b273ff34fce19d6b804eff5a3f5747ada4eaa22f1d49c01e52ddb7875b4b', 'client'),
('client_293', 'client293@example.com', '6b86b273ff34fce19d6b804eff5a3f5747ada4eaa22f1d49c01e52ddb7875b4b', 'client'),
('client_294', 'client294@example.com', '6b86b273ff34fce19d6b804eff5a3f5747ada4eaa22f1d49c01e52ddb7875b4b', 'client'),
('client_295', 'client295@example.com', '6b86b273ff34fce19d6b804eff5a3f5747ada4eaa22f1d49c01e52ddb7875b4b', 'client'),
('client_296', 'client296@example.com', '6b86b273ff34fce19d6b804eff5a3f5747ada4eaa22f1d49c01e52ddb7875b4b', 'client'),
('client_297', 'client297@example.com', '6b86b273ff34fce19d6b804eff5a3f5747ada4eaa22f1d49c01e52ddb7875b4b', 'client'),
('client_298', 'client298@example.com', '6b86b273ff34fce19d6b804eff5a3f5747ada4eaa22f1d49c01e52ddb7875b4b', 'client'),
('client_299', 'client299@example.com', '6b86b273ff34fce19d6b804eff5a3f5747ada4eaa22f1d49c01e52ddb7875b4b', 'client'),
('client_300', 'client300@example.com', '6b86b273ff34fce19d6b804eff5a3f5747ada4eaa22f1d49c01e52ddb7875b4b', 'client'),
('client_301', 'client301@example.com', '6b86b273ff34fce19d6b804eff5a3f5747ada4eaa22f1d49c01e52ddb7875b4b', 'client'),
('client_302', 'client302@example.com', '6b86b273ff34fce19d6b804eff5a3f5747ada4eaa22f1d49c01e52ddb7875b4b', 'client'),
('client_303', 'client303@example.com', '6b86b273ff34fce19d6b804eff5a3f5747ada4eaa22f1d49c01e52ddb7875b4b', 'client'),
('client_304', 'client304@example.com', '6b86b273ff34fce19d6b804eff5a3f5747ada4eaa22f1d49c01e52ddb7875b4b', 'client'),
('client_305', 'client305@example.com', '6b86b273ff34fce19d6b804eff5a3f5747ada4eaa22f1d49c01e52ddb7875b4b', 'client'),
('client_306', 'client306@example.com', '6b86b273ff34fce19d6b804eff5a3f5747ada4eaa22f1d49c01e52ddb7875b4b', 'client'),
('client_307', 'client307@example.com', '6b86b273ff34fce19d6b804eff5a3f5747ada4eaa22f1d49c01e52ddb7875b4b', 'client'),
('client_308', 'client308@example.com', '6b86b273ff34fce19d6b804eff5a3f5747ada4eaa22f1d49c01e52ddb7875b4b', 'client'),
('client_309', 'client309@example.com', '6b86b273ff34fce19d6b804eff5a3f5747ada4eaa22f1d49c01e52ddb7875b4b', 'client'),
('client_310', 'client310@example.com', '6b86b273ff34fce19d6b804eff5a3f5747ada4eaa22f1d49c01e52ddb7875b4b', 'client'),
('client_311', 'client311@example.com', '6b86b273ff34fce19d6b804eff5a3f5747ada4eaa22f1d49c01e52ddb7875b4b', 'client'),
('client_312', 'client312@example.com', '6b86b273ff34fce19d6b804eff5a3f5747ada4eaa22f1d49c01e52ddb7875b4b', 'client'),
('client_313', 'client313@example.com', '6b86b273ff34fce19d6b804eff5a3f5747ada4eaa22f1d49c01e52ddb7875b4b', 'client'),
('client_314', 'client314@example.com', '6b86b273ff34fce19d6b804eff5a3f5747ada4eaa22f1d49c01e52ddb7875b4b', 'client'),
('client_315', 'client315@example.com', '6b86b273ff34fce19d6b804eff5a3f5747ada4eaa22f1d49c01e52ddb7875b4b', 'client'),
('client_316', 'client316@example.com', '6b86b273ff34fce19d6b804eff5a3f5747ada4eaa22f1d49c01e52ddb7875b4b', 'client'),
('client_317', 'client317@example.com', '6b86b273ff34fce19d6b804eff5a3f5747ada4eaa22f1d49c01e52ddb7875b4b', 'client'),
('client_318', 'client318@example.com', '6b86b273ff34fce19d6b804eff5a3f5747ada4eaa22f1d49c01e52ddb7875b4b', 'client'),
('client_319', 'client319@example.com', '6b86b273ff34fce19d6b804eff5a3f5747ada4eaa22f1d49c01e52ddb7875b4b', 'client'),
('client_320', 'client320@example.com', '6b86b273ff34fce19d6b804eff5a3f5747ada4eaa22f1d49c01e52ddb7875b4b', 'client'),
('client_321', 'client321@example.com', '6b86b273ff34fce19d6b804eff5a3f5747ada4eaa22f1d49c01e52ddb7875b4b', 'client'),
('client_322', 'client322@example.com', '6b86b273ff34fce19d6b804eff5a3f5747ada4eaa22f1d49c01e52ddb7875b4b', 'client'),
('client_323', 'client323@example.com', '6b86b273ff34fce19d6b804eff5a3f5747ada4eaa22f1d49c01e52ddb7875b4b', 'client'),
('client_324', 'client324@example.com', '6b86b273ff34fce19d6b804eff5a3f5747ada4eaa22f1d49c01e52ddb7875b4b', 'client'),
('client_325', 'client325@example.com', '6b86b273ff34fce19d6b804eff5a3f5747ada4eaa22f1d49c01e52ddb7875b4b', 'client'),
('client_326', 'client326@example.com', '6b86b273ff34fce19d6b804eff5a3f5747ada4eaa22f1d49c01e52ddb7875b4b', 'client'),
('client_327', 'client327@example.com', '6b86b273ff34fce19d6b804eff5a3f5747ada4eaa22f1d49c01e52ddb7875b4b', 'client'),
('client_328', 'client328@example.com', '6b86b273ff34fce19d6b804eff5a3f5747ada4eaa22f1d49c01e52ddb7875b4b', 'client'),
('client_329', 'client329@example.com', '6b86b273ff34fce19d6b804eff5a3f5747ada4eaa22f1d49c01e52ddb7875b4b', 'client'),
('client_330', 'client330@example.com', '6b86b273ff34fce19d6b804eff5a3f5747ada4eaa22f1d49c01e52ddb7875b4b', 'client'),
('client_331', 'client331@example.com', '6b86b273ff34fce19d6b804eff5a3f5747ada4eaa22f1d49c01e52ddb7875b4b', 'client'),
('client_332', 'client332@example.com', '6b86b273ff34fce19d6b804eff5a3f5747ada4eaa22f1d49c01e52ddb7875b4b', 'client'),
('client_333', 'client333@example.com', '6b86b273ff34fce19d6b804eff5a3f5747ada4eaa22f1d49c01e52ddb7875b4b', 'client'),
('client_334', 'client334@example.com', '6b86b273ff34fce19d6b804eff5a3f5747ada4eaa22f1d49c01e52ddb7875b4b', 'client'),
('client_335', 'client335@example.com', '6b86b273ff34fce19d6b804eff5a3f5747ada4eaa22f1d49c01e52ddb7875b4b', 'client'),
('client_336', 'client336@example.com', '6b86b273ff34fce19d6b804eff5a3f5747ada4eaa22f1d49c01e52ddb7875b4b', 'client'),
('client_337', 'client337@example.com', '6b86b273ff34fce19d6b804eff5a3f5747ada4eaa22f1d49c01e52ddb7875b4b', 'client'),
('client_338', 'client338@example.com', '6b86b273ff34fce19d6b804eff5a3f5747ada4eaa22f1d49c01e52ddb7875b4b', 'client'),
('client_339', 'client339@example.com', '6b86b273ff34fce19d6b804eff5a3f5747ada4eaa22f1d49c01e52ddb7875b4b', 'client'),
('client_340', 'client340@example.com', '6b86b273ff34fce19d6b804eff5a3f5747ada4eaa22f1d49c01e52ddb7875b4b', 'client'),
('client_341', 'client341@example.com', '6b86b273ff34fce19d6b804eff5a3f5747ada4eaa22f1d49c01e52ddb7875b4b', 'client'),
('client_342', 'client342@example.com', '6b86b273ff34fce19d6b804eff5a3f5747ada4eaa22f1d49c01e52ddb7875b4b', 'client'),
('client_343', 'client343@example.com', '6b86b273ff34fce19d6b804eff5a3f5747ada4eaa22f1d49c01e52ddb7875b4b', 'client'),
('client_344', 'client344@example.com', '6b86b273ff34fce19d6b804eff5a3f5747ada4eaa22f1d49c01e52ddb7875b4b', 'client'),
('client_345', 'client345@example.com', '6b86b273ff34fce19d6b804eff5a3f5747ada4eaa22f1d49c01e52ddb7875b4b', 'client'),
('client_346', 'client346@example.com', '6b86b273ff34fce19d6b804eff5a3f5747ada4eaa22f1d49c01e52ddb7875b4b', 'client'),
('client_347', 'client347@example.com', '6b86b273ff34fce19d6b804eff5a3f5747ada4eaa22f1d49c01e52ddb7875b4b', 'client'),
('client_348', 'client348@example.com', '6b86b273ff34fce19d6b804eff5a3f5747ada4eaa22f1d49c01e52ddb7875b4b', 'client'),
('client_349', 'client349@example.com', '6b86b273ff34fce19d6b804eff5a3f5747ada4eaa22f1d49c01e52ddb7875b4b', 'client'),
('client_350', 'client350@example.com', '6b86b273ff34fce19d6b804eff5a3f5747ada4eaa22f1d49c01e52ddb7875b4b', 'client'),
('client_351', 'client351@example.com', '6b86b273ff34fce19d6b804eff5a3f5747ada4eaa22f1d49c01e52ddb7875b4b', 'client'),
('client_352', 'client352@example.com', '6b86b273ff34fce19d6b804eff5a3f5747ada4eaa22f1d49c01e52ddb7875b4b', 'client'),
('client_353', 'client353@example.com', '6b86b273ff34fce19d6b804eff5a3f5747ada4eaa22f1d49c01e52ddb7875b4b', 'client'),
('client_354', 'client354@example.com', '6b86b273ff34fce19d6b804eff5a3f5747ada4eaa22f1d49c01e52ddb7875b4b', 'client'),
('client_355', 'client355@example.com', '6b86b273ff34fce19d6b804eff5a3f5747ada4eaa22f1d49c01e52ddb7875b4b', 'client'),
('client_356', 'client356@example.com', '6b86b273ff34fce19d6b804eff5a3f5747ada4eaa22f1d49c01e52ddb7875b4b', 'client'),
('client_357', 'client357@example.com', '6b86b273ff34fce19d6b804eff5a3f5747ada4eaa22f1d49c01e52ddb7875b4b', 'client'),
('client_358', 'client358@example.com', '6b86b273ff34fce19d6b804eff5a3f5747ada4eaa22f1d49c01e52ddb7875b4b', 'client'),
('client_359', 'client359@example.com', '6b86b273ff34fce19d6b804eff5a3f5747ada4eaa22f1d49c01e52ddb7875b4b', 'client'),
('client_360', 'client360@example.com', '6b86b273ff34fce19d6b804eff5a3f5747ada4eaa22f1d49c01e52ddb7875b4b', 'client'),
('client_361', 'client361@example.com', '6b86b273ff34fce19d6b804eff5a3f5747ada4eaa22f1d49c01e52ddb7875b4b', 'client'),
('client_362', 'client362@example.com', '6b86b273ff34fce19d6b804eff5a3f5747ada4eaa22f1d49c01e52ddb7875b4b', 'client'),
('client_363', 'client363@example.com', '6b86b273ff34fce19d6b804eff5a3f5747ada4eaa22f1d49c01e52ddb7875b4b', 'client'),
('client_364', 'client364@example.com', '6b86b273ff34fce19d6b804eff5a3f5747ada4eaa22f1d49c01e52ddb7875b4b', 'client'),
('client_365', 'client365@example.com', '6b86b273ff34fce19d6b804eff5a3f5747ada4eaa22f1d49c01e52ddb7875b4b', 'client'),
('client_366', 'client366@example.com', '6b86b273ff34fce19d6b804eff5a3f5747ada4eaa22f1d49c01e52ddb7875b4b', 'client'),
('client_367', 'client367@example.com', '6b86b273ff34fce19d6b804eff5a3f5747ada4eaa22f1d49c01e52ddb7875b4b', 'client'),
('client_368', 'client368@example.com', '6b86b273ff34fce19d6b804eff5a3f5747ada4eaa22f1d49c01e52ddb7875b4b', 'client'),
('client_369', 'client369@example.com', '6b86b273ff34fce19d6b804eff5a3f5747ada4eaa22f1d49c01e52ddb7875b4b', 'client'),
('client_370', 'client370@example.com', '6b86b273ff34fce19d6b804eff5a3f5747ada4eaa22f1d49c01e52ddb7875b4b', 'client'),
('client_371', 'client371@example.com', '6b86b273ff34fce19d6b804eff5a3f5747ada4eaa22f1d49c01e52ddb7875b4b', 'client'),
('client_372', 'client372@example.com', '6b86b273ff34fce19d6b804eff5a3f5747ada4eaa22f1d49c01e52ddb7875b4b', 'client'),
('client_373', 'client373@example.com', '6b86b273ff34fce19d6b804eff5a3f5747ada4eaa22f1d49c01e52ddb7875b4b', 'client'),
('client_374', 'client374@example.com', '6b86b273ff34fce19d6b804eff5a3f5747ada4eaa22f1d49c01e52ddb7875b4b', 'client'),
('client_375', 'client375@example.com', '6b86b273ff34fce19d6b804eff5a3f5747ada4eaa22f1d49c01e52ddb7875b4b', 'client'),
('client_376', 'client376@example.com', '6b86b273ff34fce19d6b804eff5a3f5747ada4eaa22f1d49c01e52ddb7875b4b', 'client'),
('client_377', 'client377@example.com', '6b86b273ff34fce19d6b804eff5a3f5747ada4eaa22f1d49c01e52ddb7875b4b', 'client'),
('client_378', 'client378@example.com', '6b86b273ff34fce19d6b804eff5a3f5747ada4eaa22f1d49c01e52ddb7875b4b', 'client'),
('client_379', 'client379@example.com', '6b86b273ff34fce19d6b804eff5a3f5747ada4eaa22f1d49c01e52ddb7875b4b', 'client'),
('client_380', 'client380@example.com', '6b86b273ff34fce19d6b804eff5a3f5747ada4eaa22f1d49c01e52ddb7875b4b', 'client'),
('client_381', 'client381@example.com', '6b86b273ff34fce19d6b804eff5a3f5747ada4eaa22f1d49c01e52ddb7875b4b', 'client'),
('client_382', 'client382@example.com', '6b86b273ff34fce19d6b804eff5a3f5747ada4eaa22f1d49c01e52ddb7875b4b', 'client'),
('client_383', 'client383@example.com', '6b86b273ff34fce19d6b804eff5a3f5747ada4eaa22f1d49c01e52ddb7875b4b', 'client'),
('client_384', 'client384@example.com', '6b86b273ff34fce19d6b804eff5a3f5747ada4eaa22f1d49c01e52ddb7875b4b', 'client'),
('client_385', 'client385@example.com', '6b86b273ff34fce19d6b804eff5a3f5747ada4eaa22f1d49c01e52ddb7875b4b', 'client'),
('client_386', 'client386@example.com', '6b86b273ff34fce19d6b804eff5a3f5747ada4eaa22f1d49c01e52ddb7875b4b', 'client'),
('client_387', 'client387@example.com', '6b86b273ff34fce19d6b804eff5a3f5747ada4eaa22f1d49c01e52ddb7875b4b', 'client'),
('client_388', 'client388@example.com', '6b86b273ff34fce19d6b804eff5a3f5747ada4eaa22f1d49c01e52ddb7875b4b', 'client'),
('client_389', 'client389@example.com', '6b86b273ff34fce19d6b804eff5a3f5747ada4eaa22f1d49c01e52ddb7875b4b', 'client'),
('client_390', 'client390@example.com', '6b86b273ff34fce19d6b804eff5a3f5747ada4eaa22f1d49c01e52ddb7875b4b', 'client'),
('client_391', 'client391@example.com', '6b86b273ff34fce19d6b804eff5a3f5747ada4eaa22f1d49c01e52ddb7875b4b', 'client'),
('client_392', 'client392@example.com', '6b86b273ff34fce19d6b804eff5a3f5747ada4eaa22f1d49c01e52ddb7875b4b', 'client'),
('client_393', 'client393@example.com', '6b86b273ff34fce19d6b804eff5a3f5747ada4eaa22f1d49c01e52ddb7875b4b', 'client'),
('client_394', 'client394@example.com', '6b86b273ff34fce19d6b804eff5a3f5747ada4eaa22f1d49c01e52ddb7875b4b', 'client'),
('client_395', 'client395@example.com', '6b86b273ff34fce19d6b804eff5a3f5747ada4eaa22f1d49c01e52ddb7875b4b', 'client'),
('client_396', 'client396@example.com', '6b86b273ff34fce19d6b804eff5a3f5747ada4eaa22f1d49c01e52ddb7875b4b', 'client'),
('client_397', 'client397@example.com', '6b86b273ff34fce19d6b804eff5a3f5747ada4eaa22f1d49c01e52ddb7875b4b', 'client'),
('client_398', 'client398@example.com', '6b86b273ff34fce19d6b804eff5a3f5747ada4eaa22f1d49c01e52ddb7875b4b', 'client'),
('client_399', 'client399@example.com', '6b86b273ff34fce19d6b804eff5a3f5747ada4eaa22f1d49c01e52ddb7875b4b', 'client'),
('client_400', 'client400@example.com', '6b86b273ff34fce19d6b804eff5a3f5747ada4eaa22f1d49c01e52ddb7875b4b', 'client'),
('client_401', 'client401@example.com', '6b86b273ff34fce19d6b804eff5a3f5747ada4eaa22f1d49c01e52ddb7875b4b', 'client'),
('client_402', 'client402@example.com', '6b86b273ff34fce19d6b804eff5a3f5747ada4eaa22f1d49c01e52ddb7875b4b', 'client'),
('client_403', 'client403@example.com', '6b86b273ff34fce19d6b804eff5a3f5747ada4eaa22f1d49c01e52ddb7875b4b', 'client'),
('client_404', 'client404@example.com', '6b86b273ff34fce19d6b804eff5a3f5747ada4eaa22f1d49c01e52ddb7875b4b', 'client'),
('client_405', 'client405@example.com', '6b86b273ff34fce19d6b804eff5a3f5747ada4eaa22f1d49c01e52ddb7875b4b', 'client'),
('client_406', 'client406@example.com', '6b86b273ff34fce19d6b804eff5a3f5747ada4eaa22f1d49c01e52ddb7875b4b', 'client'),
('client_407', 'client407@example.com', '6b86b273ff34fce19d6b804eff5a3f5747ada4eaa22f1d49c01e52ddb7875b4b', 'client'),
('client_408', 'client408@example.com', '6b86b273ff34fce19d6b804eff5a3f5747ada4eaa22f1d49c01e52ddb7875b4b', 'client'),
('client_409', 'client409@example.com', '6b86b273ff34fce19d6b804eff5a3f5747ada4eaa22f1d49c01e52ddb7875b4b', 'client'),
('client_410', 'client410@example.com', '6b86b273ff34fce19d6b804eff5a3f5747ada4eaa22f1d49c01e52ddb7875b4b', 'client'),
('client_411', 'client411@example.com', '6b86b273ff34fce19d6b804eff5a3f5747ada4eaa22f1d49c01e52ddb7875b4b', 'client'),
('client_412', 'client412@example.com', '6b86b273ff34fce19d6b804eff5a3f5747ada4eaa22f1d49c01e52ddb7875b4b', 'client'),
('client_413', 'client413@example.com', '6b86b273ff34fce19d6b804eff5a3f5747ada4eaa22f1d49c01e52ddb7875b4b', 'client'),
('client_414', 'client414@example.com', '6b86b273ff34fce19d6b804eff5a3f5747ada4eaa22f1d49c01e52ddb7875b4b', 'client'),
('client_415', 'client415@example.com', '6b86b273ff34fce19d6b804eff5a3f5747ada4eaa22f1d49c01e52ddb7875b4b', 'client'),
('client_416', 'client416@example.com', '6b86b273ff34fce19d6b804eff5a3f5747ada4eaa22f1d49c01e52ddb7875b4b', 'client'),
('client_417', 'client417@example.com', '6b86b273ff34fce19d6b804eff5a3f5747ada4eaa22f1d49c01e52ddb7875b4b', 'client'),
('client_418', 'client418@example.com', '6b86b273ff34fce19d6b804eff5a3f5747ada4eaa22f1d49c01e52ddb7875b4b', 'client'),
('client_419', 'client419@example.com', '6b86b273ff34fce19d6b804eff5a3f5747ada4eaa22f1d49c01e52ddb7875b4b', 'client'),
('client_420', 'client420@example.com', '6b86b273ff34fce19d6b804eff5a3f5747ada4eaa22f1d49c01e52ddb7875b4b', 'client'),
('client_421', 'client421@example.com', '6b86b273ff34fce19d6b804eff5a3f5747ada4eaa22f1d49c01e52ddb7875b4b', 'client'),
('client_422', 'client422@example.com', '6b86b273ff34fce19d6b804eff5a3f5747ada4eaa22f1d49c01e52ddb7875b4b', 'client'),
('client_423', 'client423@example.com', '6b86b273ff34fce19d6b804eff5a3f5747ada4eaa22f1d49c01e52ddb7875b4b', 'client'),
('client_424', 'client424@example.com', '6b86b273ff34fce19d6b804eff5a3f5747ada4eaa22f1d49c01e52ddb7875b4b', 'client'),
('client_425', 'client425@example.com', '6b86b273ff34fce19d6b804eff5a3f5747ada4eaa22f1d49c01e52ddb7875b4b', 'client'),
('client_426', 'client426@example.com', '6b86b273ff34fce19d6b804eff5a3f5747ada4eaa22f1d49c01e52ddb7875b4b', 'client'),
('client_427', 'client427@example.com', '6b86b273ff34fce19d6b804eff5a3f5747ada4eaa22f1d49c01e52ddb7875b4b', 'client'),
('client_428', 'client428@example.com', '6b86b273ff34fce19d6b804eff5a3f5747ada4eaa22f1d49c01e52ddb7875b4b', 'client'),
('client_429', 'client429@example.com', '6b86b273ff34fce19d6b804eff5a3f5747ada4eaa22f1d49c01e52ddb7875b4b', 'client'),
('client_430', 'client430@example.com', '6b86b273ff34fce19d6b804eff5a3f5747ada4eaa22f1d49c01e52ddb7875b4b', 'client'),
('client_431', 'client431@example.com', '6b86b273ff34fce19d6b804eff5a3f5747ada4eaa22f1d49c01e52ddb7875b4b', 'client'),
('client_432', 'client432@example.com', '6b86b273ff34fce19d6b804eff5a3f5747ada4eaa22f1d49c01e52ddb7875b4b', 'client'),
('client_433', 'client433@example.com', '6b86b273ff34fce19d6b804eff5a3f5747ada4eaa22f1d49c01e52ddb7875b4b', 'client'),
('client_434', 'client434@example.com', '6b86b273ff34fce19d6b804eff5a3f5747ada4eaa22f1d49c01e52ddb7875b4b', 'client'),
('client_435', 'client435@example.com', '6b86b273ff34fce19d6b804eff5a3f5747ada4eaa22f1d49c01e52ddb7875b4b', 'client'),
('client_436', 'client436@example.com', '6b86b273ff34fce19d6b804eff5a3f5747ada4eaa22f1d49c01e52ddb7875b4b', 'client'),
('client_437', 'client437@example.com', '6b86b273ff34fce19d6b804eff5a3f5747ada4eaa22f1d49c01e52ddb7875b4b', 'client'),
('client_438', 'client438@example.com', '6b86b273ff34fce19d6b804eff5a3f5747ada4eaa22f1d49c01e52ddb7875b4b', 'client'),
('client_439', 'client439@example.com', '6b86b273ff34fce19d6b804eff5a3f5747ada4eaa22f1d49c01e52ddb7875b4b', 'client'),
('client_440', 'client440@example.com', '6b86b273ff34fce19d6b804eff5a3f5747ada4eaa22f1d49c01e52ddb7875b4b', 'client'),
('client_441', 'client441@example.com', '6b86b273ff34fce19d6b804eff5a3f5747ada4eaa22f1d49c01e52ddb7875b4b', 'client'),
('client_442', 'client442@example.com', '6b86b273ff34fce19d6b804eff5a3f5747ada4eaa22f1d49c01e52ddb7875b4b', 'client'),
('client_443', 'client443@example.com', '6b86b273ff34fce19d6b804eff5a3f5747ada4eaa22f1d49c01e52ddb7875b4b', 'client'),
('client_444', 'client444@example.com', '6b86b273ff34fce19d6b804eff5a3f5747ada4eaa22f1d49c01e52ddb7875b4b', 'client'),
('client_445', 'client445@example.com', '6b86b273ff34fce19d6b804eff5a3f5747ada4eaa22f1d49c01e52ddb7875b4b', 'client'),
('client_446', 'client446@example.com', '6b86b273ff34fce19d6b804eff5a3f5747ada4eaa22f1d49c01e52ddb7875b4b', 'client'),
('client_447', 'client447@example.com', '6b86b273ff34fce19d6b804eff5a3f5747ada4eaa22f1d49c01e52ddb7875b4b', 'client'),
('client_448', 'client448@example.com', '6b86b273ff34fce19d6b804eff5a3f5747ada4eaa22f1d49c01e52ddb7875b4b', 'client'),
('client_449', 'client449@example.com', '6b86b273ff34fce19d6b804eff5a3f5747ada4eaa22f1d49c01e52ddb7875b4b', 'client'),
('client_450', 'client450@example.com', '6b86b273ff34fce19d6b804eff5a3f5747ada4eaa22f1d49c01e52ddb7875b4b', 'client'),
('client_451', 'client451@example.com', '6b86b273ff34fce19d6b804eff5a3f5747ada4eaa22f1d49c01e52ddb7875b4b', 'client'),
('client_452', 'client452@example.com', '6b86b273ff34fce19d6b804eff5a3f5747ada4eaa22f1d49c01e52ddb7875b4b', 'client'),
('client_453', 'client453@example.com', '6b86b273ff34fce19d6b804eff5a3f5747ada4eaa22f1d49c01e52ddb7875b4b', 'client'),
('client_454', 'client454@example.com', '6b86b273ff34fce19d6b804eff5a3f5747ada4eaa22f1d49c01e52ddb7875b4b', 'client'),
('client_455', 'client455@example.com', '6b86b273ff34fce19d6b804eff5a3f5747ada4eaa22f1d49c01e52ddb7875b4b', 'client'),
('client_456', 'client456@example.com', '6b86b273ff34fce19d6b804eff5a3f5747ada4eaa22f1d49c01e52ddb7875b4b', 'client'),
('client_457', 'client457@example.com', '6b86b273ff34fce19d6b804eff5a3f5747ada4eaa22f1d49c01e52ddb7875b4b', 'client'),
('client_458', 'client458@example.com', '6b86b273ff34fce19d6b804eff5a3f5747ada4eaa22f1d49c01e52ddb7875b4b', 'client'),
('client_459', 'client459@example.com', '6b86b273ff34fce19d6b804eff5a3f5747ada4eaa22f1d49c01e52ddb7875b4b', 'client'),
('client_460', 'client460@example.com', '6b86b273ff34fce19d6b804eff5a3f5747ada4eaa22f1d49c01e52ddb7875b4b', 'client'),
('client_461', 'client461@example.com', '6b86b273ff34fce19d6b804eff5a3f5747ada4eaa22f1d49c01e52ddb7875b4b', 'client'),
('client_462', 'client462@example.com', '6b86b273ff34fce19d6b804eff5a3f5747ada4eaa22f1d49c01e52ddb7875b4b', 'client'),
('client_463', 'client463@example.com', '6b86b273ff34fce19d6b804eff5a3f5747ada4eaa22f1d49c01e52ddb7875b4b', 'client'),
('client_464', 'client464@example.com', '6b86b273ff34fce19d6b804eff5a3f5747ada4eaa22f1d49c01e52ddb7875b4b', 'client'),
('client_465', 'client465@example.com', '6b86b273ff34fce19d6b804eff5a3f5747ada4eaa22f1d49c01e52ddb7875b4b', 'client'),
('client_466', 'client466@example.com', '6b86b273ff34fce19d6b804eff5a3f5747ada4eaa22f1d49c01e52ddb7875b4b', 'client'),
('client_467', 'client467@example.com', '6b86b273ff34fce19d6b804eff5a3f5747ada4eaa22f1d49c01e52ddb7875b4b', 'client'),
('client_468', 'client468@example.com', '6b86b273ff34fce19d6b804eff5a3f5747ada4eaa22f1d49c01e52ddb7875b4b', 'client'),
('client_469', 'client469@example.com', '6b86b273ff34fce19d6b804eff5a3f5747ada4eaa22f1d49c01e52ddb7875b4b', 'client'),
('client_470', 'client470@example.com', '6b86b273ff34fce19d6b804eff5a3f5747ada4eaa22f1d49c01e52ddb7875b4b', 'client'),
('client_471', 'client471@example.com', '6b86b273ff34fce19d6b804eff5a3f5747ada4eaa22f1d49c01e52ddb7875b4b', 'client'),
('client_472', 'client472@example.com', '6b86b273ff34fce19d6b804eff5a3f5747ada4eaa22f1d49c01e52ddb7875b4b', 'client'),
('client_473', 'client473@example.com', '6b86b273ff34fce19d6b804eff5a3f5747ada4eaa22f1d49c01e52ddb7875b4b', 'client'),
('client_474', 'client474@example.com', '6b86b273ff34fce19d6b804eff5a3f5747ada4eaa22f1d49c01e52ddb7875b4b', 'client'),
('client_475', 'client475@example.com', '6b86b273ff34fce19d6b804eff5a3f5747ada4eaa22f1d49c01e52ddb7875b4b', 'client'),
('client_476', 'client476@example.com', '6b86b273ff34fce19d6b804eff5a3f5747ada4eaa22f1d49c01e52ddb7875b4b', 'client'),
('client_477', 'client477@example.com', '6b86b273ff34fce19d6b804eff5a3f5747ada4eaa22f1d49c01e52ddb7875b4b', 'client'),
('client_478', 'client478@example.com', '6b86b273ff34fce19d6b804eff5a3f5747ada4eaa22f1d49c01e52ddb7875b4b', 'client'),
('client_479', 'client479@example.com', '6b86b273ff34fce19d6b804eff5a3f5747ada4eaa22f1d49c01e52ddb7875b4b', 'client'),
('client_480', 'client480@example.com', '6b86b273ff34fce19d6b804eff5a3f5747ada4eaa22f1d49c01e52ddb7875b4b', 'client'),
('client_481', 'client481@example.com', '6b86b273ff34fce19d6b804eff5a3f5747ada4eaa22f1d49c01e52ddb7875b4b', 'client'),
('client_482', 'client482@example.com', '6b86b273ff34fce19d6b804eff5a3f5747ada4eaa22f1d49c01e52ddb7875b4b', 'client'),
('client_483', 'client483@example.com', '6b86b273ff34fce19d6b804eff5a3f5747ada4eaa22f1d49c01e52ddb7875b4b', 'client'),
('client_484', 'client484@example.com', '6b86b273ff34fce19d6b804eff5a3f5747ada4eaa22f1d49c01e52ddb7875b4b', 'client'),
('client_485', 'client485@example.com', '6b86b273ff34fce19d6b804eff5a3f5747ada4eaa22f1d49c01e52ddb7875b4b', 'client'),
('client_486', 'client486@example.com', '6b86b273ff34fce19d6b804eff5a3f5747ada4eaa22f1d49c01e52ddb7875b4b', 'client'),
('client_487', 'client487@example.com', '6b86b273ff34fce19d6b804eff5a3f5747ada4eaa22f1d49c01e52ddb7875b4b', 'client'),
('client_488', 'client488@example.com', '6b86b273ff34fce19d6b804eff5a3f5747ada4eaa22f1d49c01e52ddb7875b4b', 'client'),
('client_489', 'client489@example.com', '6b86b273ff34fce19d6b804eff5a3f5747ada4eaa22f1d49c01e52ddb7875b4b', 'client'),
('client_490', 'client490@example.com', '6b86b273ff34fce19d6b804eff5a3f5747ada4eaa22f1d49c01e52ddb7875b4b', 'client'),
('client_491', 'client491@example.com', '6b86b273ff34fce19d6b804eff5a3f5747ada4eaa22f1d49c01e52ddb7875b4b', 'client'),
('client_492', 'client492@example.com', '6b86b273ff34fce19d6b804eff5a3f5747ada4eaa22f1d49c01e52ddb7875b4b', 'client'),
('client_493', 'client493@example.com', '6b86b273ff34fce19d6b804eff5a3f5747ada4eaa22f1d49c01e52ddb7875b4b', 'client'),
('client_494', 'client494@example.com', '6b86b273ff34fce19d6b804eff5a3f5747ada4eaa22f1d49c01e52ddb7875b4b', 'client'),
('client_495', 'client495@example.com', '6b86b273ff34fce19d6b804eff5a3f5747ada4eaa22f1d49c01e52ddb7875b4b', 'client'),
('client_496', 'client496@example.com', '6b86b273ff34fce19d6b804eff5a3f5747ada4eaa22f1d49c01e52ddb7875b4b', 'client'),
('client_497', 'client497@example.com', '6b86b273ff34fce19d6b804eff5a3f5747ada4eaa22f1d49c01e52ddb7875b4b', 'client'),
('client_498', 'client498@example.com', '6b86b273ff34fce19d6b804eff5a3f5747ada4eaa22f1d49c01e52ddb7875b4b', 'client'),
('client_499', 'client499@example.com', '6b86b273ff34fce19d6b804eff5a3f5747ada4eaa22f1d49c01e52ddb7875b4b', 'client'),
('client_500', 'client500@example.com', '6b86b273ff34fce19d6b804eff5a3f5747ada4eaa22f1d49c01e52ddb7875b4b', 'client'),
('client_501', 'client501@example.com', '6b86b273ff34fce19d6b804eff5a3f5747ada4eaa22f1d49c01e52ddb7875b4b', 'client'),
('client_502', 'client502@example.com', '6b86b273ff34fce19d6b804eff5a3f5747ada4eaa22f1d49c01e52ddb7875b4b', 'client'),
('client_503', 'client503@example.com', '6b86b273ff34fce19d6b804eff5a3f5747ada4eaa22f1d49c01e52ddb7875b4b', 'client'),
('client_504', 'client504@example.com', '6b86b273ff34fce19d6b804eff5a3f5747ada4eaa22f1d49c01e52ddb7875b4b', 'client'),
('client_505', 'client505@example.com', '6b86b273ff34fce19d6b804eff5a3f5747ada4eaa22f1d49c01e52ddb7875b4b', 'client'),
('client_506', 'client506@example.com', '6b86b273ff34fce19d6b804eff5a3f5747ada4eaa22f1d49c01e52ddb7875b4b', 'client'),
('client_507', 'client507@example.com', '6b86b273ff34fce19d6b804eff5a3f5747ada4eaa22f1d49c01e52ddb7875b4b', 'client'),
('client_508', 'client508@example.com', '6b86b273ff34fce19d6b804eff5a3f5747ada4eaa22f1d49c01e52ddb7875b4b', 'client'),
('client_509', 'client509@example.com', '6b86b273ff34fce19d6b804eff5a3f5747ada4eaa22f1d49c01e52ddb7875b4b', 'client'),
('client_510', 'client510@example.com', '6b86b273ff34fce19d6b804eff5a3f5747ada4eaa22f1d49c01e52ddb7875b4b', 'client'),
('client_511', 'client511@example.com', '6b86b273ff34fce19d6b804eff5a3f5747ada4eaa22f1d49c01e52ddb7875b4b', 'client'),
('client_512', 'client512@example.com', '6b86b273ff34fce19d6b804eff5a3f5747ada4eaa22f1d49c01e52ddb7875b4b', 'client'),
('client_513', 'client513@example.com', '6b86b273ff34fce19d6b804eff5a3f5747ada4eaa22f1d49c01e52ddb7875b4b', 'client'),
('client_514', 'client514@example.com', '6b86b273ff34fce19d6b804eff5a3f5747ada4eaa22f1d49c01e52ddb7875b4b', 'client'),
('client_515', 'client515@example.com', '6b86b273ff34fce19d6b804eff5a3f5747ada4eaa22f1d49c01e52ddb7875b4b', 'client'),
('client_516', 'client516@example.com', '6b86b273ff34fce19d6b804eff5a3f5747ada4eaa22f1d49c01e52ddb7875b4b', 'client'),
('client_517', 'client517@example.com', '6b86b273ff34fce19d6b804eff5a3f5747ada4eaa22f1d49c01e52ddb7875b4b', 'client'),
('client_518', 'client518@example.com', '6b86b273ff34fce19d6b804eff5a3f5747ada4eaa22f1d49c01e52ddb7875b4b', 'client'),
('client_519', 'client519@example.com', '6b86b273ff34fce19d6b804eff5a3f5747ada4eaa22f1d49c01e52ddb7875b4b', 'client'),
('client_520', 'client520@example.com', '6b86b273ff34fce19d6b804eff5a3f5747ada4eaa22f1d49c01e52ddb7875b4b', 'client'),
('client_521', 'client521@example.com', '6b86b273ff34fce19d6b804eff5a3f5747ada4eaa22f1d49c01e52ddb7875b4b', 'client'),
('client_522', 'client522@example.com', '6b86b273ff34fce19d6b804eff5a3f5747ada4eaa22f1d49c01e52ddb7875b4b', 'client'),
('client_523', 'client523@example.com', '6b86b273ff34fce19d6b804eff5a3f5747ada4eaa22f1d49c01e52ddb7875b4b', 'client'),
('client_524', 'client524@example.com', '6b86b273ff34fce19d6b804eff5a3f5747ada4eaa22f1d49c01e52ddb7875b4b', 'client'),
('client_525', 'client525@example.com', '6b86b273ff34fce19d6b804eff5a3f5747ada4eaa22f1d49c01e52ddb7875b4b', 'client'),
('client_526', 'client526@example.com', '6b86b273ff34fce19d6b804eff5a3f5747ada4eaa22f1d49c01e52ddb7875b4b', 'client'),
('client_527', 'client527@example.com', '6b86b273ff34fce19d6b804eff5a3f5747ada4eaa22f1d49c01e52ddb7875b4b', 'client'),
('client_528', 'client528@example.com', '6b86b273ff34fce19d6b804eff5a3f5747ada4eaa22f1d49c01e52ddb7875b4b', 'client'),
('client_529', 'client529@example.com', '6b86b273ff34fce19d6b804eff5a3f5747ada4eaa22f1d49c01e52ddb7875b4b', 'client'),
('client_530', 'client530@example.com', '6b86b273ff34fce19d6b804eff5a3f5747ada4eaa22f1d49c01e52ddb7875b4b', 'client'),
('client_531', 'client531@example.com', '6b86b273ff34fce19d6b804eff5a3f5747ada4eaa22f1d49c01e52ddb7875b4b', 'client'),
('client_532', 'client532@example.com', '6b86b273ff34fce19d6b804eff5a3f5747ada4eaa22f1d49c01e52ddb7875b4b', 'client'),
('client_533', 'client533@example.com', '6b86b273ff34fce19d6b804eff5a3f5747ada4eaa22f1d49c01e52ddb7875b4b', 'client'),
('client_534', 'client534@example.com', '6b86b273ff34fce19d6b804eff5a3f5747ada4eaa22f1d49c01e52ddb7875b4b', 'client'),
('client_535', 'client535@example.com', '6b86b273ff34fce19d6b804eff5a3f5747ada4eaa22f1d49c01e52ddb7875b4b', 'client'),
('client_536', 'client536@example.com', '6b86b273ff34fce19d6b804eff5a3f5747ada4eaa22f1d49c01e52ddb7875b4b', 'client'),
('client_537', 'client537@example.com', '6b86b273ff34fce19d6b804eff5a3f5747ada4eaa22f1d49c01e52ddb7875b4b', 'client'),
('client_538', 'client538@example.com', '6b86b273ff34fce19d6b804eff5a3f5747ada4eaa22f1d49c01e52ddb7875b4b', 'client'),
('client_539', 'client539@example.com', '6b86b273ff34fce19d6b804eff5a3f5747ada4eaa22f1d49c01e52ddb7875b4b', 'client'),
('client_540', 'client540@example.com', '6b86b273ff34fce19d6b804eff5a3f5747ada4eaa22f1d49c01e52ddb7875b4b', 'client'),
('client_541', 'client541@example.com', '6b86b273ff34fce19d6b804eff5a3f5747ada4eaa22f1d49c01e52ddb7875b4b', 'client'),
('client_542', 'client542@example.com', '6b86b273ff34fce19d6b804eff5a3f5747ada4eaa22f1d49c01e52ddb7875b4b', 'client'),
('client_543', 'client543@example.com', '6b86b273ff34fce19d6b804eff5a3f5747ada4eaa22f1d49c01e52ddb7875b4b', 'client'),
('client_544', 'client544@example.com', '6b86b273ff34fce19d6b804eff5a3f5747ada4eaa22f1d49c01e52ddb7875b4b', 'client'),
('client_545', 'client545@example.com', '6b86b273ff34fce19d6b804eff5a3f5747ada4eaa22f1d49c01e52ddb7875b4b', 'client'),
('client_546', 'client546@example.com', '6b86b273ff34fce19d6b804eff5a3f5747ada4eaa22f1d49c01e52ddb7875b4b', 'client'),
('client_547', 'client547@example.com', '6b86b273ff34fce19d6b804eff5a3f5747ada4eaa22f1d49c01e52ddb7875b4b', 'client'),
('client_548', 'client548@example.com', '6b86b273ff34fce19d6b804eff5a3f5747ada4eaa22f1d49c01e52ddb7875b4b', 'client'),
('client_549', 'client549@example.com', '6b86b273ff34fce19d6b804eff5a3f5747ada4eaa22f1d49c01e52ddb7875b4b', 'client'),
('client_550', 'client550@example.com', '6b86b273ff34fce19d6b804eff5a3f5747ada4eaa22f1d49c01e52ddb7875b4b', 'client'),
('client_551', 'client551@example.com', '6b86b273ff34fce19d6b804eff5a3f5747ada4eaa22f1d49c01e52ddb7875b4b', 'client'),
('client_552', 'client552@example.com', '6b86b273ff34fce19d6b804eff5a3f5747ada4eaa22f1d49c01e52ddb7875b4b', 'client'),
('client_553', 'client553@example.com', '6b86b273ff34fce19d6b804eff5a3f5747ada4eaa22f1d49c01e52ddb7875b4b', 'client'),
('client_554', 'client554@example.com', '6b86b273ff34fce19d6b804eff5a3f5747ada4eaa22f1d49c01e52ddb7875b4b', 'client'),
('client_555', 'client555@example.com', '6b86b273ff34fce19d6b804eff5a3f5747ada4eaa22f1d49c01e52ddb7875b4b', 'client'),
('client_556', 'client556@example.com', '6b86b273ff34fce19d6b804eff5a3f5747ada4eaa22f1d49c01e52ddb7875b4b', 'client'),
('client_557', 'client557@example.com', '6b86b273ff34fce19d6b804eff5a3f5747ada4eaa22f1d49c01e52ddb7875b4b', 'client'),
('client_558', 'client558@example.com', '6b86b273ff34fce19d6b804eff5a3f5747ada4eaa22f1d49c01e52ddb7875b4b', 'client'),
('client_559', 'client559@example.com', '6b86b273ff34fce19d6b804eff5a3f5747ada4eaa22f1d49c01e52ddb7875b4b', 'client'),
('client_560', 'client560@example.com', '6b86b273ff34fce19d6b804eff5a3f5747ada4eaa22f1d49c01e52ddb7875b4b', 'client'),
('client_561', 'client561@example.com', '6b86b273ff34fce19d6b804eff5a3f5747ada4eaa22f1d49c01e52ddb7875b4b', 'client'),
('client_562', 'client562@example.com', '6b86b273ff34fce19d6b804eff5a3f5747ada4eaa22f1d49c01e52ddb7875b4b', 'client'),
('client_563', 'client563@example.com', '6b86b273ff34fce19d6b804eff5a3f5747ada4eaa22f1d49c01e52ddb7875b4b', 'client'),
('client_564', 'client564@example.com', '6b86b273ff34fce19d6b804eff5a3f5747ada4eaa22f1d49c01e52ddb7875b4b', 'client'),
('client_565', 'client565@example.com', '6b86b273ff34fce19d6b804eff5a3f5747ada4eaa22f1d49c01e52ddb7875b4b', 'client'),
('client_566', 'client566@example.com', '6b86b273ff34fce19d6b804eff5a3f5747ada4eaa22f1d49c01e52ddb7875b4b', 'client'),
('client_567', 'client567@example.com', '6b86b273ff34fce19d6b804eff5a3f5747ada4eaa22f1d49c01e52ddb7875b4b', 'client'),
('client_568', 'client568@example.com', '6b86b273ff34fce19d6b804eff5a3f5747ada4eaa22f1d49c01e52ddb7875b4b', 'client'),
('client_569', 'client569@example.com', '6b86b273ff34fce19d6b804eff5a3f5747ada4eaa22f1d49c01e52ddb7875b4b', 'client'),
('client_570', 'client570@example.com', '6b86b273ff34fce19d6b804eff5a3f5747ada4eaa22f1d49c01e52ddb7875b4b', 'client'),
('client_571', 'client571@example.com', '6b86b273ff34fce19d6b804eff5a3f5747ada4eaa22f1d49c01e52ddb7875b4b', 'client'),
('client_572', 'client572@example.com', '6b86b273ff34fce19d6b804eff5a3f5747ada4eaa22f1d49c01e52ddb7875b4b', 'client'),
('client_573', 'client573@example.com', '6b86b273ff34fce19d6b804eff5a3f5747ada4eaa22f1d49c01e52ddb7875b4b', 'client'),
('client_574', 'client574@example.com', '6b86b273ff34fce19d6b804eff5a3f5747ada4eaa22f1d49c01e52ddb7875b4b', 'client'),
('client_575', 'client575@example.com', '6b86b273ff34fce19d6b804eff5a3f5747ada4eaa22f1d49c01e52ddb7875b4b', 'client'),
('client_576', 'client576@example.com', '6b86b273ff34fce19d6b804eff5a3f5747ada4eaa22f1d49c01e52ddb7875b4b', 'client'),
('client_577', 'client577@example.com', '6b86b273ff34fce19d6b804eff5a3f5747ada4eaa22f1d49c01e52ddb7875b4b', 'client'),
('client_578', 'client578@example.com', '6b86b273ff34fce19d6b804eff5a3f5747ada4eaa22f1d49c01e52ddb7875b4b', 'client'),
('client_579', 'client579@example.com', '6b86b273ff34fce19d6b804eff5a3f5747ada4eaa22f1d49c01e52ddb7875b4b', 'client'),
('client_580', 'client580@example.com', '6b86b273ff34fce19d6b804eff5a3f5747ada4eaa22f1d49c01e52ddb7875b4b', 'client'),
('client_581', 'client581@example.com', '6b86b273ff34fce19d6b804eff5a3f5747ada4eaa22f1d49c01e52ddb7875b4b', 'client'),
('client_582', 'client582@example.com', '6b86b273ff34fce19d6b804eff5a3f5747ada4eaa22f1d49c01e52ddb7875b4b', 'client'),
('client_583', 'client583@example.com', '6b86b273ff34fce19d6b804eff5a3f5747ada4eaa22f1d49c01e52ddb7875b4b', 'client'),
('client_584', 'client584@example.com', '6b86b273ff34fce19d6b804eff5a3f5747ada4eaa22f1d49c01e52ddb7875b4b', 'client'),
('client_585', 'client585@example.com', '6b86b273ff34fce19d6b804eff5a3f5747ada4eaa22f1d49c01e52ddb7875b4b', 'client'),
('client_586', 'client586@example.com', '6b86b273ff34fce19d6b804eff5a3f5747ada4eaa22f1d49c01e52ddb7875b4b', 'client'),
('client_587', 'client587@example.com', '6b86b273ff34fce19d6b804eff5a3f5747ada4eaa22f1d49c01e52ddb7875b4b', 'client'),
('client_588', 'client588@example.com', '6b86b273ff34fce19d6b804eff5a3f5747ada4eaa22f1d49c01e52ddb7875b4b', 'client'),
('client_589', 'client589@example.com', '6b86b273ff34fce19d6b804eff5a3f5747ada4eaa22f1d49c01e52ddb7875b4b', 'client'),
('client_590', 'client590@example.com', '6b86b273ff34fce19d6b804eff5a3f5747ada4eaa22f1d49c01e52ddb7875b4b', 'client'),
('client_591', 'client591@example.com', '6b86b273ff34fce19d6b804eff5a3f5747ada4eaa22f1d49c01e52ddb7875b4b', 'client'),
('client_592', 'client592@example.com', '6b86b273ff34fce19d6b804eff5a3f5747ada4eaa22f1d49c01e52ddb7875b4b', 'client'),
('client_593', 'client593@example.com', '6b86b273ff34fce19d6b804eff5a3f5747ada4eaa22f1d49c01e52ddb7875b4b', 'client'),
('client_594', 'client594@example.com', '6b86b273ff34fce19d6b804eff5a3f5747ada4eaa22f1d49c01e52ddb7875b4b', 'client'),
('client_595', 'client595@example.com', '6b86b273ff34fce19d6b804eff5a3f5747ada4eaa22f1d49c01e52ddb7875b4b', 'client'),
('client_596', 'client596@example.com', '6b86b273ff34fce19d6b804eff5a3f5747ada4eaa22f1d49c01e52ddb7875b4b', 'client'),
('client_597', 'client597@example.com', '6b86b273ff34fce19d6b804eff5a3f5747ada4eaa22f1d49c01e52ddb7875b4b', 'client'),
('client_598', 'client598@example.com', '6b86b273ff34fce19d6b804eff5a3f5747ada4eaa22f1d49c01e52ddb7875b4b', 'client'),
('client_599', 'client599@example.com', '6b86b273ff34fce19d6b804eff5a3f5747ada4eaa22f1d49c01e52ddb7875b4b', 'client'),
('client_600', 'client600@example.com', '6b86b273ff34fce19d6b804eff5a3f5747ada4eaa22f1d49c01e52ddb7875b4b', 'client'),
('client_601', 'client601@example.com', '6b86b273ff34fce19d6b804eff5a3f5747ada4eaa22f1d49c01e52ddb7875b4b', 'client'),
('client_602', 'client602@example.com', '6b86b273ff34fce19d6b804eff5a3f5747ada4eaa22f1d49c01e52ddb7875b4b', 'client'),
('client_603', 'client603@example.com', '6b86b273ff34fce19d6b804eff5a3f5747ada4eaa22f1d49c01e52ddb7875b4b', 'client'),
('client_604', 'client604@example.com', '6b86b273ff34fce19d6b804eff5a3f5747ada4eaa22f1d49c01e52ddb7875b4b', 'client'),
('client_605', 'client605@example.com', '6b86b273ff34fce19d6b804eff5a3f5747ada4eaa22f1d49c01e52ddb7875b4b', 'client'),
('client_606', 'client606@example.com', '6b86b273ff34fce19d6b804eff5a3f5747ada4eaa22f1d49c01e52ddb7875b4b', 'client'),
('client_607', 'client607@example.com', '6b86b273ff34fce19d6b804eff5a3f5747ada4eaa22f1d49c01e52ddb7875b4b', 'client'),
('client_608', 'client608@example.com', '6b86b273ff34fce19d6b804eff5a3f5747ada4eaa22f1d49c01e52ddb7875b4b', 'client'),
('client_609', 'client609@example.com', '6b86b273ff34fce19d6b804eff5a3f5747ada4eaa22f1d49c01e52ddb7875b4b', 'client'),
('client_610', 'client610@example.com', '6b86b273ff34fce19d6b804eff5a3f5747ada4eaa22f1d49c01e52ddb7875b4b', 'client'),
('client_611', 'client611@example.com', '6b86b273ff34fce19d6b804eff5a3f5747ada4eaa22f1d49c01e52ddb7875b4b', 'client'),
('client_612', 'client612@example.com', '6b86b273ff34fce19d6b804eff5a3f5747ada4eaa22f1d49c01e52ddb7875b4b', 'client'),
('client_613', 'client613@example.com', '6b86b273ff34fce19d6b804eff5a3f5747ada4eaa22f1d49c01e52ddb7875b4b', 'client'),
('client_614', 'client614@example.com', '6b86b273ff34fce19d6b804eff5a3f5747ada4eaa22f1d49c01e52ddb7875b4b', 'client'),
('client_615', 'client615@example.com', '6b86b273ff34fce19d6b804eff5a3f5747ada4eaa22f1d49c01e52ddb7875b4b', 'client'),
('client_616', 'client616@example.com', '6b86b273ff34fce19d6b804eff5a3f5747ada4eaa22f1d49c01e52ddb7875b4b', 'client'),
('client_617', 'client617@example.com', '6b86b273ff34fce19d6b804eff5a3f5747ada4eaa22f1d49c01e52ddb7875b4b', 'client'),
('client_618', 'client618@example.com', '6b86b273ff34fce19d6b804eff5a3f5747ada4eaa22f1d49c01e52ddb7875b4b', 'client'),
('client_619', 'client619@example.com', '6b86b273ff34fce19d6b804eff5a3f5747ada4eaa22f1d49c01e52ddb7875b4b', 'client'),
('client_620', 'client620@example.com', '6b86b273ff34fce19d6b804eff5a3f5747ada4eaa22f1d49c01e52ddb7875b4b', 'client'),
('client_621', 'client621@example.com', '6b86b273ff34fce19d6b804eff5a3f5747ada4eaa22f1d49c01e52ddb7875b4b', 'client'),
('client_622', 'client622@example.com', '6b86b273ff34fce19d6b804eff5a3f5747ada4eaa22f1d49c01e52ddb7875b4b', 'client'),
('client_623', 'client623@example.com', '6b86b273ff34fce19d6b804eff5a3f5747ada4eaa22f1d49c01e52ddb7875b4b', 'client'),
('client_624', 'client624@example.com', '6b86b273ff34fce19d6b804eff5a3f5747ada4eaa22f1d49c01e52ddb7875b4b', 'client'),
('client_625', 'client625@example.com', '6b86b273ff34fce19d6b804eff5a3f5747ada4eaa22f1d49c01e52ddb7875b4b', 'client'),
('client_626', 'client626@example.com', '6b86b273ff34fce19d6b804eff5a3f5747ada4eaa22f1d49c01e52ddb7875b4b', 'client'),
('client_627', 'client627@example.com', '6b86b273ff34fce19d6b804eff5a3f5747ada4eaa22f1d49c01e52ddb7875b4b', 'client'),
('client_628', 'client628@example.com', '6b86b273ff34fce19d6b804eff5a3f5747ada4eaa22f1d49c01e52ddb7875b4b', 'client'),
('client_629', 'client629@example.com', '6b86b273ff34fce19d6b804eff5a3f5747ada4eaa22f1d49c01e52ddb7875b4b', 'client'),
('client_630', 'client630@example.com', '6b86b273ff34fce19d6b804eff5a3f5747ada4eaa22f1d49c01e52ddb7875b4b', 'client'),
('client_631', 'client631@example.com', '6b86b273ff34fce19d6b804eff5a3f5747ada4eaa22f1d49c01e52ddb7875b4b', 'client'),
('client_632', 'client632@example.com', '6b86b273ff34fce19d6b804eff5a3f5747ada4eaa22f1d49c01e52ddb7875b4b', 'client'),
('client_633', 'client633@example.com', '6b86b273ff34fce19d6b804eff5a3f5747ada4eaa22f1d49c01e52ddb7875b4b', 'client'),
('client_634', 'client634@example.com', '6b86b273ff34fce19d6b804eff5a3f5747ada4eaa22f1d49c01e52ddb7875b4b', 'client'),
('client_635', 'client635@example.com', '6b86b273ff34fce19d6b804eff5a3f5747ada4eaa22f1d49c01e52ddb7875b4b', 'client'),
('client_636', 'client636@example.com', '6b86b273ff34fce19d6b804eff5a3f5747ada4eaa22f1d49c01e52ddb7875b4b', 'client'),
('client_637', 'client637@example.com', '6b86b273ff34fce19d6b804eff5a3f5747ada4eaa22f1d49c01e52ddb7875b4b', 'client'),
('client_638', 'client638@example.com', '6b86b273ff34fce19d6b804eff5a3f5747ada4eaa22f1d49c01e52ddb7875b4b', 'client'),
('client_639', 'client639@example.com', '6b86b273ff34fce19d6b804eff5a3f5747ada4eaa22f1d49c01e52ddb7875b4b', 'client'),
('client_640', 'client640@example.com', '6b86b273ff34fce19d6b804eff5a3f5747ada4eaa22f1d49c01e52ddb7875b4b', 'client'),
('client_641', 'client641@example.com', '6b86b273ff34fce19d6b804eff5a3f5747ada4eaa22f1d49c01e52ddb7875b4b', 'client'),
('client_642', 'client642@example.com', '6b86b273ff34fce19d6b804eff5a3f5747ada4eaa22f1d49c01e52ddb7875b4b', 'client'),
('client_643', 'client643@example.com', '6b86b273ff34fce19d6b804eff5a3f5747ada4eaa22f1d49c01e52ddb7875b4b', 'client'),
('client_644', 'client644@example.com', '6b86b273ff34fce19d6b804eff5a3f5747ada4eaa22f1d49c01e52ddb7875b4b', 'client'),
('client_645', 'client645@example.com', '6b86b273ff34fce19d6b804eff5a3f5747ada4eaa22f1d49c01e52ddb7875b4b', 'client'),
('client_646', 'client646@example.com', '6b86b273ff34fce19d6b804eff5a3f5747ada4eaa22f1d49c01e52ddb7875b4b', 'client'),
('client_647', 'client647@example.com', '6b86b273ff34fce19d6b804eff5a3f5747ada4eaa22f1d49c01e52ddb7875b4b', 'client'),
('client_648', 'client648@example.com', '6b86b273ff34fce19d6b804eff5a3f5747ada4eaa22f1d49c01e52ddb7875b4b', 'client'),
('client_649', 'client649@example.com', '6b86b273ff34fce19d6b804eff5a3f5747ada4eaa22f1d49c01e52ddb7875b4b', 'client'),
('client_650', 'client650@example.com', '6b86b273ff34fce19d6b804eff5a3f5747ada4eaa22f1d49c01e52ddb7875b4b', 'client'),
('client_651', 'client651@example.com', '6b86b273ff34fce19d6b804eff5a3f5747ada4eaa22f1d49c01e52ddb7875b4b', 'client'),
('client_652', 'client652@example.com', '6b86b273ff34fce19d6b804eff5a3f5747ada4eaa22f1d49c01e52ddb7875b4b', 'client'),
('client_653', 'client653@example.com', '6b86b273ff34fce19d6b804eff5a3f5747ada4eaa22f1d49c01e52ddb7875b4b', 'client'),
('client_654', 'client654@example.com', '6b86b273ff34fce19d6b804eff5a3f5747ada4eaa22f1d49c01e52ddb7875b4b', 'client'),
('client_655', 'client655@example.com', '6b86b273ff34fce19d6b804eff5a3f5747ada4eaa22f1d49c01e52ddb7875b4b', 'client'),
('client_656', 'client656@example.com', '6b86b273ff34fce19d6b804eff5a3f5747ada4eaa22f1d49c01e52ddb7875b4b', 'client'),
('client_657', 'client657@example.com', '6b86b273ff34fce19d6b804eff5a3f5747ada4eaa22f1d49c01e52ddb7875b4b', 'client'),
('client_658', 'client658@example.com', '6b86b273ff34fce19d6b804eff5a3f5747ada4eaa22f1d49c01e52ddb7875b4b', 'client'),
('client_659', 'client659@example.com', '6b86b273ff34fce19d6b804eff5a3f5747ada4eaa22f1d49c01e52ddb7875b4b', 'client'),
('client_660', 'client660@example.com', '6b86b273ff34fce19d6b804eff5a3f5747ada4eaa22f1d49c01e52ddb7875b4b', 'client'),
('client_661', 'client661@example.com', '6b86b273ff34fce19d6b804eff5a3f5747ada4eaa22f1d49c01e52ddb7875b4b', 'client'),
('client_662', 'client662@example.com', '6b86b273ff34fce19d6b804eff5a3f5747ada4eaa22f1d49c01e52ddb7875b4b', 'client'),
('client_663', 'client663@example.com', '6b86b273ff34fce19d6b804eff5a3f5747ada4eaa22f1d49c01e52ddb7875b4b', 'client'),
('client_664', 'client664@example.com', '6b86b273ff34fce19d6b804eff5a3f5747ada4eaa22f1d49c01e52ddb7875b4b', 'client'),
('client_665', 'client665@example.com', '6b86b273ff34fce19d6b804eff5a3f5747ada4eaa22f1d49c01e52ddb7875b4b', 'client'),
('client_666', 'client666@example.com', '6b86b273ff34fce19d6b804eff5a3f5747ada4eaa22f1d49c01e52ddb7875b4b', 'client'),
('client_667', 'client667@example.com', '6b86b273ff34fce19d6b804eff5a3f5747ada4eaa22f1d49c01e52ddb7875b4b', 'client'),
('client_668', 'client668@example.com', '6b86b273ff34fce19d6b804eff5a3f5747ada4eaa22f1d49c01e52ddb7875b4b', 'client'),
('client_669', 'client669@example.com', '6b86b273ff34fce19d6b804eff5a3f5747ada4eaa22f1d49c01e52ddb7875b4b', 'client'),
('client_670', 'client670@example.com', '6b86b273ff34fce19d6b804eff5a3f5747ada4eaa22f1d49c01e52ddb7875b4b', 'client'),
('client_671', 'client671@example.com', '6b86b273ff34fce19d6b804eff5a3f5747ada4eaa22f1d49c01e52ddb7875b4b', 'client'),
('client_672', 'client672@example.com', '6b86b273ff34fce19d6b804eff5a3f5747ada4eaa22f1d49c01e52ddb7875b4b', 'client'),
('client_673', 'client673@example.com', '6b86b273ff34fce19d6b804eff5a3f5747ada4eaa22f1d49c01e52ddb7875b4b', 'client'),
('client_674', 'client674@example.com', '6b86b273ff34fce19d6b804eff5a3f5747ada4eaa22f1d49c01e52ddb7875b4b', 'client'),
('client_675', 'client675@example.com', '6b86b273ff34fce19d6b804eff5a3f5747ada4eaa22f1d49c01e52ddb7875b4b', 'client'),
('client_676', 'client676@example.com', '6b86b273ff34fce19d6b804eff5a3f5747ada4eaa22f1d49c01e52ddb7875b4b', 'client'),
('client_677', 'client677@example.com', '6b86b273ff34fce19d6b804eff5a3f5747ada4eaa22f1d49c01e52ddb7875b4b', 'client'),
('client_678', 'client678@example.com', '6b86b273ff34fce19d6b804eff5a3f5747ada4eaa22f1d49c01e52ddb7875b4b', 'client'),
('client_679', 'client679@example.com', '6b86b273ff34fce19d6b804eff5a3f5747ada4eaa22f1d49c01e52ddb7875b4b', 'client'),
('client_680', 'client680@example.com', '6b86b273ff34fce19d6b804eff5a3f5747ada4eaa22f1d49c01e52ddb7875b4b', 'client'),
('client_681', 'client681@example.com', '6b86b273ff34fce19d6b804eff5a3f5747ada4eaa22f1d49c01e52ddb7875b4b', 'client'),
('client_682', 'client682@example.com', '6b86b273ff34fce19d6b804eff5a3f5747ada4eaa22f1d49c01e52ddb7875b4b', 'client'),
('client_683', 'client683@example.com', '6b86b273ff34fce19d6b804eff5a3f5747ada4eaa22f1d49c01e52ddb7875b4b', 'client'),
('client_684', 'client684@example.com', '6b86b273ff34fce19d6b804eff5a3f5747ada4eaa22f1d49c01e52ddb7875b4b', 'client'),
('client_685', 'client685@example.com', '6b86b273ff34fce19d6b804eff5a3f5747ada4eaa22f1d49c01e52ddb7875b4b', 'client'),
('client_686', 'client686@example.com', '6b86b273ff34fce19d6b804eff5a3f5747ada4eaa22f1d49c01e52ddb7875b4b', 'client'),
('client_687', 'client687@example.com', '6b86b273ff34fce19d6b804eff5a3f5747ada4eaa22f1d49c01e52ddb7875b4b', 'client'),
('client_688', 'client688@example.com', '6b86b273ff34fce19d6b804eff5a3f5747ada4eaa22f1d49c01e52ddb7875b4b', 'client'),
('client_689', 'client689@example.com', '6b86b273ff34fce19d6b804eff5a3f5747ada4eaa22f1d49c01e52ddb7875b4b', 'client'),
('client_690', 'client690@example.com', '6b86b273ff34fce19d6b804eff5a3f5747ada4eaa22f1d49c01e52ddb7875b4b', 'client'),
('client_691', 'client691@example.com', '6b86b273ff34fce19d6b804eff5a3f5747ada4eaa22f1d49c01e52ddb7875b4b', 'client'),
('client_692', 'client692@example.com', '6b86b273ff34fce19d6b804eff5a3f5747ada4eaa22f1d49c01e52ddb7875b4b', 'client'),
('client_693', 'client693@example.com', '6b86b273ff34fce19d6b804eff5a3f5747ada4eaa22f1d49c01e52ddb7875b4b', 'client'),
('client_694', 'client694@example.com', '6b86b273ff34fce19d6b804eff5a3f5747ada4eaa22f1d49c01e52ddb7875b4b', 'client'),
('client_695', 'client695@example.com', '6b86b273ff34fce19d6b804eff5a3f5747ada4eaa22f1d49c01e52ddb7875b4b', 'client'),
('client_696', 'client696@example.com', '6b86b273ff34fce19d6b804eff5a3f5747ada4eaa22f1d49c01e52ddb7875b4b', 'client'),
('client_697', 'client697@example.com', '6b86b273ff34fce19d6b804eff5a3f5747ada4eaa22f1d49c01e52ddb7875b4b', 'client'),
('client_698', 'client698@example.com', '6b86b273ff34fce19d6b804eff5a3f5747ada4eaa22f1d49c01e52ddb7875b4b', 'client'),
('client_699', 'client699@example.com', '6b86b273ff34fce19d6b804eff5a3f5747ada4eaa22f1d49c01e52ddb7875b4b', 'client'),
('client_700', 'client700@example.com', '6b86b273ff34fce19d6b804eff5a3f5747ada4eaa22f1d49c01e52ddb7875b4b', 'client'),
('client_701', 'client701@example.com', '6b86b273ff34fce19d6b804eff5a3f5747ada4eaa22f1d49c01e52ddb7875b4b', 'client'),
('client_702', 'client702@example.com', '6b86b273ff34fce19d6b804eff5a3f5747ada4eaa22f1d49c01e52ddb7875b4b', 'client'),
('client_703', 'client703@example.com', '6b86b273ff34fce19d6b804eff5a3f5747ada4eaa22f1d49c01e52ddb7875b4b', 'client'),
('client_704', 'client704@example.com', '6b86b273ff34fce19d6b804eff5a3f5747ada4eaa22f1d49c01e52ddb7875b4b', 'client'),
('client_705', 'client705@example.com', '6b86b273ff34fce19d6b804eff5a3f5747ada4eaa22f1d49c01e52ddb7875b4b', 'client'),
('client_706', 'client706@example.com', '6b86b273ff34fce19d6b804eff5a3f5747ada4eaa22f1d49c01e52ddb7875b4b', 'client'),
('client_707', 'client707@example.com', '6b86b273ff34fce19d6b804eff5a3f5747ada4eaa22f1d49c01e52ddb7875b4b', 'client'),
('client_708', 'client708@example.com', '6b86b273ff34fce19d6b804eff5a3f5747ada4eaa22f1d49c01e52ddb7875b4b', 'client'),
('client_709', 'client709@example.com', '6b86b273ff34fce19d6b804eff5a3f5747ada4eaa22f1d49c01e52ddb7875b4b', 'client'),
('client_710', 'client710@example.com', '6b86b273ff34fce19d6b804eff5a3f5747ada4eaa22f1d49c01e52ddb7875b4b', 'client'),
('client_711', 'client711@example.com', '6b86b273ff34fce19d6b804eff5a3f5747ada4eaa22f1d49c01e52ddb7875b4b', 'client'),
('client_712', 'client712@example.com', '6b86b273ff34fce19d6b804eff5a3f5747ada4eaa22f1d49c01e52ddb7875b4b', 'client'),
('client_713', 'client713@example.com', '6b86b273ff34fce19d6b804eff5a3f5747ada4eaa22f1d49c01e52ddb7875b4b', 'client'),
('client_714', 'client714@example.com', '6b86b273ff34fce19d6b804eff5a3f5747ada4eaa22f1d49c01e52ddb7875b4b', 'client'),
('client_715', 'client715@example.com', '6b86b273ff34fce19d6b804eff5a3f5747ada4eaa22f1d49c01e52ddb7875b4b', 'client'),
('client_716', 'client716@example.com', '6b86b273ff34fce19d6b804eff5a3f5747ada4eaa22f1d49c01e52ddb7875b4b', 'client'),
('client_717', 'client717@example.com', '6b86b273ff34fce19d6b804eff5a3f5747ada4eaa22f1d49c01e52ddb7875b4b', 'client'),
('client_718', 'client718@example.com', '6b86b273ff34fce19d6b804eff5a3f5747ada4eaa22f1d49c01e52ddb7875b4b', 'client'),
('client_719', 'client719@example.com', '6b86b273ff34fce19d6b804eff5a3f5747ada4eaa22f1d49c01e52ddb7875b4b', 'client'),
('client_720', 'client720@example.com', '6b86b273ff34fce19d6b804eff5a3f5747ada4eaa22f1d49c01e52ddb7875b4b', 'client'),
('client_721', 'client721@example.com', '6b86b273ff34fce19d6b804eff5a3f5747ada4eaa22f1d49c01e52ddb7875b4b', 'client'),
('client_722', 'client722@example.com', '6b86b273ff34fce19d6b804eff5a3f5747ada4eaa22f1d49c01e52ddb7875b4b', 'client'),
('client_723', 'client723@example.com', '6b86b273ff34fce19d6b804eff5a3f5747ada4eaa22f1d49c01e52ddb7875b4b', 'client'),
('client_724', 'client724@example.com', '6b86b273ff34fce19d6b804eff5a3f5747ada4eaa22f1d49c01e52ddb7875b4b', 'client'),
('client_725', 'client725@example.com', '6b86b273ff34fce19d6b804eff5a3f5747ada4eaa22f1d49c01e52ddb7875b4b', 'client'),
('client_726', 'client726@example.com', '6b86b273ff34fce19d6b804eff5a3f5747ada4eaa22f1d49c01e52ddb7875b4b', 'client'),
('client_727', 'client727@example.com', '6b86b273ff34fce19d6b804eff5a3f5747ada4eaa22f1d49c01e52ddb7875b4b', 'client'),
('client_728', 'client728@example.com', '6b86b273ff34fce19d6b804eff5a3f5747ada4eaa22f1d49c01e52ddb7875b4b', 'client'),
('client_729', 'client729@example.com', '6b86b273ff34fce19d6b804eff5a3f5747ada4eaa22f1d49c01e52ddb7875b4b', 'client'),
('client_730', 'client730@example.com', '6b86b273ff34fce19d6b804eff5a3f5747ada4eaa22f1d49c01e52ddb7875b4b', 'client'),
('client_731', 'client731@example.com', '6b86b273ff34fce19d6b804eff5a3f5747ada4eaa22f1d49c01e52ddb7875b4b', 'client'),
('client_732', 'client732@example.com', '6b86b273ff34fce19d6b804eff5a3f5747ada4eaa22f1d49c01e52ddb7875b4b', 'client'),
('client_733', 'client733@example.com', '6b86b273ff34fce19d6b804eff5a3f5747ada4eaa22f1d49c01e52ddb7875b4b', 'client'),
('client_734', 'client734@example.com', '6b86b273ff34fce19d6b804eff5a3f5747ada4eaa22f1d49c01e52ddb7875b4b', 'client'),
('client_735', 'client735@example.com', '6b86b273ff34fce19d6b804eff5a3f5747ada4eaa22f1d49c01e52ddb7875b4b', 'client'),
('client_736', 'client736@example.com', '6b86b273ff34fce19d6b804eff5a3f5747ada4eaa22f1d49c01e52ddb7875b4b', 'client'),
('client_737', 'client737@example.com', '6b86b273ff34fce19d6b804eff5a3f5747ada4eaa22f1d49c01e52ddb7875b4b', 'client'),
('client_738', 'client738@example.com', '6b86b273ff34fce19d6b804eff5a3f5747ada4eaa22f1d49c01e52ddb7875b4b', 'client'),
('client_739', 'client739@example.com', '6b86b273ff34fce19d6b804eff5a3f5747ada4eaa22f1d49c01e52ddb7875b4b', 'client'),
('client_740', 'client740@example.com', '6b86b273ff34fce19d6b804eff5a3f5747ada4eaa22f1d49c01e52ddb7875b4b', 'client'),
('client_741', 'client741@example.com', '6b86b273ff34fce19d6b804eff5a3f5747ada4eaa22f1d49c01e52ddb7875b4b', 'client'),
('client_742', 'client742@example.com', '6b86b273ff34fce19d6b804eff5a3f5747ada4eaa22f1d49c01e52ddb7875b4b', 'client'),
('client_743', 'client743@example.com', '6b86b273ff34fce19d6b804eff5a3f5747ada4eaa22f1d49c01e52ddb7875b4b', 'client'),
('client_744', 'client744@example.com', '6b86b273ff34fce19d6b804eff5a3f5747ada4eaa22f1d49c01e52ddb7875b4b', 'client'),
('client_745', 'client745@example.com', '6b86b273ff34fce19d6b804eff5a3f5747ada4eaa22f1d49c01e52ddb7875b4b', 'client'),
('client_746', 'client746@example.com', '6b86b273ff34fce19d6b804eff5a3f5747ada4eaa22f1d49c01e52ddb7875b4b', 'client'),
('client_747', 'client747@example.com', '6b86b273ff34fce19d6b804eff5a3f5747ada4eaa22f1d49c01e52ddb7875b4b', 'client'),
('client_748', 'client748@example.com', '6b86b273ff34fce19d6b804eff5a3f5747ada4eaa22f1d49c01e52ddb7875b4b', 'client'),
('client_749', 'client749@example.com', '6b86b273ff34fce19d6b804eff5a3f5747ada4eaa22f1d49c01e52ddb7875b4b', 'client'),
('client_750', 'client750@example.com', '6b86b273ff34fce19d6b804eff5a3f5747ada4eaa22f1d49c01e52ddb7875b4b', 'client'),
('client_751', 'client751@example.com', '6b86b273ff34fce19d6b804eff5a3f5747ada4eaa22f1d49c01e52ddb7875b4b', 'client'),
('client_752', 'client752@example.com', '6b86b273ff34fce19d6b804eff5a3f5747ada4eaa22f1d49c01e52ddb7875b4b', 'client'),
('client_753', 'client753@example.com', '6b86b273ff34fce19d6b804eff5a3f5747ada4eaa22f1d49c01e52ddb7875b4b', 'client'),
('client_754', 'client754@example.com', '6b86b273ff34fce19d6b804eff5a3f5747ada4eaa22f1d49c01e52ddb7875b4b', 'client'),
('client_755', 'client755@example.com', '6b86b273ff34fce19d6b804eff5a3f5747ada4eaa22f1d49c01e52ddb7875b4b', 'client'),
('client_756', 'client756@example.com', '6b86b273ff34fce19d6b804eff5a3f5747ada4eaa22f1d49c01e52ddb7875b4b', 'client'),
('client_757', 'client757@example.com', '6b86b273ff34fce19d6b804eff5a3f5747ada4eaa22f1d49c01e52ddb7875b4b', 'client'),
('client_758', 'client758@example.com', '6b86b273ff34fce19d6b804eff5a3f5747ada4eaa22f1d49c01e52ddb7875b4b', 'client'),
('client_759', 'client759@example.com', '6b86b273ff34fce19d6b804eff5a3f5747ada4eaa22f1d49c01e52ddb7875b4b', 'client'),
('client_760', 'client760@example.com', '6b86b273ff34fce19d6b804eff5a3f5747ada4eaa22f1d49c01e52ddb7875b4b', 'client'),
('client_761', 'client761@example.com', '6b86b273ff34fce19d6b804eff5a3f5747ada4eaa22f1d49c01e52ddb7875b4b', 'client'),
('client_762', 'client762@example.com', '6b86b273ff34fce19d6b804eff5a3f5747ada4eaa22f1d49c01e52ddb7875b4b', 'client'),
('client_763', 'client763@example.com', '6b86b273ff34fce19d6b804eff5a3f5747ada4eaa22f1d49c01e52ddb7875b4b', 'client'),
('client_764', 'client764@example.com', '6b86b273ff34fce19d6b804eff5a3f5747ada4eaa22f1d49c01e52ddb7875b4b', 'client'),
('client_765', 'client765@example.com', '6b86b273ff34fce19d6b804eff5a3f5747ada4eaa22f1d49c01e52ddb7875b4b', 'client'),
('client_766', 'client766@example.com', '6b86b273ff34fce19d6b804eff5a3f5747ada4eaa22f1d49c01e52ddb7875b4b', 'client'),
('client_767', 'client767@example.com', '6b86b273ff34fce19d6b804eff5a3f5747ada4eaa22f1d49c01e52ddb7875b4b', 'client'),
('client_768', 'client768@example.com', '6b86b273ff34fce19d6b804eff5a3f5747ada4eaa22f1d49c01e52ddb7875b4b', 'client'),
('client_769', 'client769@example.com', '6b86b273ff34fce19d6b804eff5a3f5747ada4eaa22f1d49c01e52ddb7875b4b', 'client'),
('client_770', 'client770@example.com', '6b86b273ff34fce19d6b804eff5a3f5747ada4eaa22f1d49c01e52ddb7875b4b', 'client'),
('client_771', 'client771@example.com', '6b86b273ff34fce19d6b804eff5a3f5747ada4eaa22f1d49c01e52ddb7875b4b', 'client'),
('client_772', 'client772@example.com', '6b86b273ff34fce19d6b804eff5a3f5747ada4eaa22f1d49c01e52ddb7875b4b', 'client'),
('client_773', 'client773@example.com', '6b86b273ff34fce19d6b804eff5a3f5747ada4eaa22f1d49c01e52ddb7875b4b', 'client'),
('client_774', 'client774@example.com', '6b86b273ff34fce19d6b804eff5a3f5747ada4eaa22f1d49c01e52ddb7875b4b', 'client'),
('client_775', 'client775@example.com', '6b86b273ff34fce19d6b804eff5a3f5747ada4eaa22f1d49c01e52ddb7875b4b', 'client'),
('client_776', 'client776@example.com', '6b86b273ff34fce19d6b804eff5a3f5747ada4eaa22f1d49c01e52ddb7875b4b', 'client'),
('client_777', 'client777@example.com', '6b86b273ff34fce19d6b804eff5a3f5747ada4eaa22f1d49c01e52ddb7875b4b', 'client'),
('client_778', 'client778@example.com', '6b86b273ff34fce19d6b804eff5a3f5747ada4eaa22f1d49c01e52ddb7875b4b', 'client'),
('client_779', 'client779@example.com', '6b86b273ff34fce19d6b804eff5a3f5747ada4eaa22f1d49c01e52ddb7875b4b', 'client'),
('client_780', 'client780@example.com', '6b86b273ff34fce19d6b804eff5a3f5747ada4eaa22f1d49c01e52ddb7875b4b', 'client'),
('client_781', 'client781@example.com', '6b86b273ff34fce19d6b804eff5a3f5747ada4eaa22f1d49c01e52ddb7875b4b', 'client'),
('client_782', 'client782@example.com', '6b86b273ff34fce19d6b804eff5a3f5747ada4eaa22f1d49c01e52ddb7875b4b', 'client'),
('client_783', 'client783@example.com', '6b86b273ff34fce19d6b804eff5a3f5747ada4eaa22f1d49c01e52ddb7875b4b', 'client'),
('client_784', 'client784@example.com', '6b86b273ff34fce19d6b804eff5a3f5747ada4eaa22f1d49c01e52ddb7875b4b', 'client'),
('client_785', 'client785@example.com', '6b86b273ff34fce19d6b804eff5a3f5747ada4eaa22f1d49c01e52ddb7875b4b', 'client'),
('client_786', 'client786@example.com', '6b86b273ff34fce19d6b804eff5a3f5747ada4eaa22f1d49c01e52ddb7875b4b', 'client'),
('client_787', 'client787@example.com', '6b86b273ff34fce19d6b804eff5a3f5747ada4eaa22f1d49c01e52ddb7875b4b', 'client'),
('client_788', 'client788@example.com', '6b86b273ff34fce19d6b804eff5a3f5747ada4eaa22f1d49c01e52ddb7875b4b', 'client'),
('client_789', 'client789@example.com', '6b86b273ff34fce19d6b804eff5a3f5747ada4eaa22f1d49c01e52ddb7875b4b', 'client'),
('client_790', 'client790@example.com', '6b86b273ff34fce19d6b804eff5a3f5747ada4eaa22f1d49c01e52ddb7875b4b', 'client'),
('client_791', 'client791@example.com', '6b86b273ff34fce19d6b804eff5a3f5747ada4eaa22f1d49c01e52ddb7875b4b', 'client'),
('client_792', 'client792@example.com', '6b86b273ff34fce19d6b804eff5a3f5747ada4eaa22f1d49c01e52ddb7875b4b', 'client'),
('client_793', 'client793@example.com', '6b86b273ff34fce19d6b804eff5a3f5747ada4eaa22f1d49c01e52ddb7875b4b', 'client'),
('client_794', 'client794@example.com', '6b86b273ff34fce19d6b804eff5a3f5747ada4eaa22f1d49c01e52ddb7875b4b', 'client'),
('client_795', 'client795@example.com', '6b86b273ff34fce19d6b804eff5a3f5747ada4eaa22f1d49c01e52ddb7875b4b', 'client'),
('client_796', 'client796@example.com', '6b86b273ff34fce19d6b804eff5a3f5747ada4eaa22f1d49c01e52ddb7875b4b', 'client'),
('client_797', 'client797@example.com', '6b86b273ff34fce19d6b804eff5a3f5747ada4eaa22f1d49c01e52ddb7875b4b', 'client'),
('client_798', 'client798@example.com', '6b86b273ff34fce19d6b804eff5a3f5747ada4eaa22f1d49c01e52ddb7875b4b', 'client'),
('client_799', 'client799@example.com', '6b86b273ff34fce19d6b804eff5a3f5747ada4eaa22f1d49c01e52ddb7875b4b', 'client'),
('client_800', 'client800@example.com', '6b86b273ff34fce19d6b804eff5a3f5747ada4eaa22f1d49c01e52ddb7875b4b', 'client'),
('client_801', 'client801@example.com', '6b86b273ff34fce19d6b804eff5a3f5747ada4eaa22f1d49c01e52ddb7875b4b', 'client'),
('client_802', 'client802@example.com', '6b86b273ff34fce19d6b804eff5a3f5747ada4eaa22f1d49c01e52ddb7875b4b', 'client'),
('client_803', 'client803@example.com', '6b86b273ff34fce19d6b804eff5a3f5747ada4eaa22f1d49c01e52ddb7875b4b', 'client'),
('client_804', 'client804@example.com', '6b86b273ff34fce19d6b804eff5a3f5747ada4eaa22f1d49c01e52ddb7875b4b', 'client'),
('client_805', 'client805@example.com', '6b86b273ff34fce19d6b804eff5a3f5747ada4eaa22f1d49c01e52ddb7875b4b', 'client'),
('client_806', 'client806@example.com', '6b86b273ff34fce19d6b804eff5a3f5747ada4eaa22f1d49c01e52ddb7875b4b', 'client'),
('client_807', 'client807@example.com', '6b86b273ff34fce19d6b804eff5a3f5747ada4eaa22f1d49c01e52ddb7875b4b', 'client'),
('client_808', 'client808@example.com', '6b86b273ff34fce19d6b804eff5a3f5747ada4eaa22f1d49c01e52ddb7875b4b', 'client'),
('client_809', 'client809@example.com', '6b86b273ff34fce19d6b804eff5a3f5747ada4eaa22f1d49c01e52ddb7875b4b', 'client'),
('client_810', 'client810@example.com', '6b86b273ff34fce19d6b804eff5a3f5747ada4eaa22f1d49c01e52ddb7875b4b', 'client'),
('client_811', 'client811@example.com', '6b86b273ff34fce19d6b804eff5a3f5747ada4eaa22f1d49c01e52ddb7875b4b', 'client'),
('client_812', 'client812@example.com', '6b86b273ff34fce19d6b804eff5a3f5747ada4eaa22f1d49c01e52ddb7875b4b', 'client'),
('client_813', 'client813@example.com', '6b86b273ff34fce19d6b804eff5a3f5747ada4eaa22f1d49c01e52ddb7875b4b', 'client'),
('client_814', 'client814@example.com', '6b86b273ff34fce19d6b804eff5a3f5747ada4eaa22f1d49c01e52ddb7875b4b', 'client'),
('client_815', 'client815@example.com', '6b86b273ff34fce19d6b804eff5a3f5747ada4eaa22f1d49c01e52ddb7875b4b', 'client'),
('client_816', 'client816@example.com', '6b86b273ff34fce19d6b804eff5a3f5747ada4eaa22f1d49c01e52ddb7875b4b', 'client'),
('client_817', 'client817@example.com', '6b86b273ff34fce19d6b804eff5a3f5747ada4eaa22f1d49c01e52ddb7875b4b', 'client'),
('client_818', 'client818@example.com', '6b86b273ff34fce19d6b804eff5a3f5747ada4eaa22f1d49c01e52ddb7875b4b', 'client'),
('client_819', 'client819@example.com', '6b86b273ff34fce19d6b804eff5a3f5747ada4eaa22f1d49c01e52ddb7875b4b', 'client'),
('client_820', 'client820@example.com', '6b86b273ff34fce19d6b804eff5a3f5747ada4eaa22f1d49c01e52ddb7875b4b', 'client'),
('client_821', 'client821@example.com', '6b86b273ff34fce19d6b804eff5a3f5747ada4eaa22f1d49c01e52ddb7875b4b', 'client'),
('client_822', 'client822@example.com', '6b86b273ff34fce19d6b804eff5a3f5747ada4eaa22f1d49c01e52ddb7875b4b', 'client'),
('client_823', 'client823@example.com', '6b86b273ff34fce19d6b804eff5a3f5747ada4eaa22f1d49c01e52ddb7875b4b', 'client'),
('client_824', 'client824@example.com', '6b86b273ff34fce19d6b804eff5a3f5747ada4eaa22f1d49c01e52ddb7875b4b', 'client'),
('client_825', 'client825@example.com', '6b86b273ff34fce19d6b804eff5a3f5747ada4eaa22f1d49c01e52ddb7875b4b', 'client'),
('client_826', 'client826@example.com', '6b86b273ff34fce19d6b804eff5a3f5747ada4eaa22f1d49c01e52ddb7875b4b', 'client'),
('client_827', 'client827@example.com', '6b86b273ff34fce19d6b804eff5a3f5747ada4eaa22f1d49c01e52ddb7875b4b', 'client'),
('client_828', 'client828@example.com', '6b86b273ff34fce19d6b804eff5a3f5747ada4eaa22f1d49c01e52ddb7875b4b', 'client'),
('client_829', 'client829@example.com', '6b86b273ff34fce19d6b804eff5a3f5747ada4eaa22f1d49c01e52ddb7875b4b', 'client'),
('client_830', 'client830@example.com', '6b86b273ff34fce19d6b804eff5a3f5747ada4eaa22f1d49c01e52ddb7875b4b', 'client'),
('client_831', 'client831@example.com', '6b86b273ff34fce19d6b804eff5a3f5747ada4eaa22f1d49c01e52ddb7875b4b', 'client'),
('client_832', 'client832@example.com', '6b86b273ff34fce19d6b804eff5a3f5747ada4eaa22f1d49c01e52ddb7875b4b', 'client'),
('client_833', 'client833@example.com', '6b86b273ff34fce19d6b804eff5a3f5747ada4eaa22f1d49c01e52ddb7875b4b', 'client'),
('client_834', 'client834@example.com', '6b86b273ff34fce19d6b804eff5a3f5747ada4eaa22f1d49c01e52ddb7875b4b', 'client'),
('client_835', 'client835@example.com', '6b86b273ff34fce19d6b804eff5a3f5747ada4eaa22f1d49c01e52ddb7875b4b', 'client'),
('client_836', 'client836@example.com', '6b86b273ff34fce19d6b804eff5a3f5747ada4eaa22f1d49c01e52ddb7875b4b', 'client'),
('client_837', 'client837@example.com', '6b86b273ff34fce19d6b804eff5a3f5747ada4eaa22f1d49c01e52ddb7875b4b', 'client'),
('client_838', 'client838@example.com', '6b86b273ff34fce19d6b804eff5a3f5747ada4eaa22f1d49c01e52ddb7875b4b', 'client'),
('client_839', 'client839@example.com', '6b86b273ff34fce19d6b804eff5a3f5747ada4eaa22f1d49c01e52ddb7875b4b', 'client'),
('client_840', 'client840@example.com', '6b86b273ff34fce19d6b804eff5a3f5747ada4eaa22f1d49c01e52ddb7875b4b', 'client'),
('client_841', 'client841@example.com', '6b86b273ff34fce19d6b804eff5a3f5747ada4eaa22f1d49c01e52ddb7875b4b', 'client'),
('client_842', 'client842@example.com', '6b86b273ff34fce19d6b804eff5a3f5747ada4eaa22f1d49c01e52ddb7875b4b', 'client'),
('client_843', 'client843@example.com', '6b86b273ff34fce19d6b804eff5a3f5747ada4eaa22f1d49c01e52ddb7875b4b', 'client'),
('client_844', 'client844@example.com', '6b86b273ff34fce19d6b804eff5a3f5747ada4eaa22f1d49c01e52ddb7875b4b', 'client'),
('client_845', 'client845@example.com', '6b86b273ff34fce19d6b804eff5a3f5747ada4eaa22f1d49c01e52ddb7875b4b', 'client'),
('client_846', 'client846@example.com', '6b86b273ff34fce19d6b804eff5a3f5747ada4eaa22f1d49c01e52ddb7875b4b', 'client'),
('client_847', 'client847@example.com', '6b86b273ff34fce19d6b804eff5a3f5747ada4eaa22f1d49c01e52ddb7875b4b', 'client'),
('client_848', 'client848@example.com', '6b86b273ff34fce19d6b804eff5a3f5747ada4eaa22f1d49c01e52ddb7875b4b', 'client'),
('client_849', 'client849@example.com', '6b86b273ff34fce19d6b804eff5a3f5747ada4eaa22f1d49c01e52ddb7875b4b', 'client'),
('client_850', 'client850@example.com', '6b86b273ff34fce19d6b804eff5a3f5747ada4eaa22f1d49c01e52ddb7875b4b', 'client'),
('client_851', 'client851@example.com', '6b86b273ff34fce19d6b804eff5a3f5747ada4eaa22f1d49c01e52ddb7875b4b', 'client'),
('client_852', 'client852@example.com', '6b86b273ff34fce19d6b804eff5a3f5747ada4eaa22f1d49c01e52ddb7875b4b', 'client'),
('client_853', 'client853@example.com', '6b86b273ff34fce19d6b804eff5a3f5747ada4eaa22f1d49c01e52ddb7875b4b', 'client'),
('client_854', 'client854@example.com', '6b86b273ff34fce19d6b804eff5a3f5747ada4eaa22f1d49c01e52ddb7875b4b', 'client'),
('client_855', 'client855@example.com', '6b86b273ff34fce19d6b804eff5a3f5747ada4eaa22f1d49c01e52ddb7875b4b', 'client'),
('client_856', 'client856@example.com', '6b86b273ff34fce19d6b804eff5a3f5747ada4eaa22f1d49c01e52ddb7875b4b', 'client'),
('client_857', 'client857@example.com', '6b86b273ff34fce19d6b804eff5a3f5747ada4eaa22f1d49c01e52ddb7875b4b', 'client'),
('client_858', 'client858@example.com', '6b86b273ff34fce19d6b804eff5a3f5747ada4eaa22f1d49c01e52ddb7875b4b', 'client'),
('client_859', 'client859@example.com', '6b86b273ff34fce19d6b804eff5a3f5747ada4eaa22f1d49c01e52ddb7875b4b', 'client'),
('client_860', 'client860@example.com', '6b86b273ff34fce19d6b804eff5a3f5747ada4eaa22f1d49c01e52ddb7875b4b', 'client'),
('client_861', 'client861@example.com', '6b86b273ff34fce19d6b804eff5a3f5747ada4eaa22f1d49c01e52ddb7875b4b', 'client'),
('client_862', 'client862@example.com', '6b86b273ff34fce19d6b804eff5a3f5747ada4eaa22f1d49c01e52ddb7875b4b', 'client'),
('client_863', 'client863@example.com', '6b86b273ff34fce19d6b804eff5a3f5747ada4eaa22f1d49c01e52ddb7875b4b', 'client'),
('client_864', 'client864@example.com', '6b86b273ff34fce19d6b804eff5a3f5747ada4eaa22f1d49c01e52ddb7875b4b', 'client'),
('client_865', 'client865@example.com', '6b86b273ff34fce19d6b804eff5a3f5747ada4eaa22f1d49c01e52ddb7875b4b', 'client'),
('client_866', 'client866@example.com', '6b86b273ff34fce19d6b804eff5a3f5747ada4eaa22f1d49c01e52ddb7875b4b', 'client'),
('client_867', 'client867@example.com', '6b86b273ff34fce19d6b804eff5a3f5747ada4eaa22f1d49c01e52ddb7875b4b', 'client'),
('client_868', 'client868@example.com', '6b86b273ff34fce19d6b804eff5a3f5747ada4eaa22f1d49c01e52ddb7875b4b', 'client'),
('client_869', 'client869@example.com', '6b86b273ff34fce19d6b804eff5a3f5747ada4eaa22f1d49c01e52ddb7875b4b', 'client'),
('client_870', 'client870@example.com', '6b86b273ff34fce19d6b804eff5a3f5747ada4eaa22f1d49c01e52ddb7875b4b', 'client'),
('client_871', 'client871@example.com', '6b86b273ff34fce19d6b804eff5a3f5747ada4eaa22f1d49c01e52ddb7875b4b', 'client'),
('client_872', 'client872@example.com', '6b86b273ff34fce19d6b804eff5a3f5747ada4eaa22f1d49c01e52ddb7875b4b', 'client'),
('client_873', 'client873@example.com', '6b86b273ff34fce19d6b804eff5a3f5747ada4eaa22f1d49c01e52ddb7875b4b', 'client'),
('client_874', 'client874@example.com', '6b86b273ff34fce19d6b804eff5a3f5747ada4eaa22f1d49c01e52ddb7875b4b', 'client'),
('client_875', 'client875@example.com', '6b86b273ff34fce19d6b804eff5a3f5747ada4eaa22f1d49c01e52ddb7875b4b', 'client'),
('client_876', 'client876@example.com', '6b86b273ff34fce19d6b804eff5a3f5747ada4eaa22f1d49c01e52ddb7875b4b', 'client'),
('client_877', 'client877@example.com', '6b86b273ff34fce19d6b804eff5a3f5747ada4eaa22f1d49c01e52ddb7875b4b', 'client'),
('client_878', 'client878@example.com', '6b86b273ff34fce19d6b804eff5a3f5747ada4eaa22f1d49c01e52ddb7875b4b', 'client'),
('client_879', 'client879@example.com', '6b86b273ff34fce19d6b804eff5a3f5747ada4eaa22f1d49c01e52ddb7875b4b', 'client'),
('client_880', 'client880@example.com', '6b86b273ff34fce19d6b804eff5a3f5747ada4eaa22f1d49c01e52ddb7875b4b', 'client'),
('client_881', 'client881@example.com', '6b86b273ff34fce19d6b804eff5a3f5747ada4eaa22f1d49c01e52ddb7875b4b', 'client'),
('client_882', 'client882@example.com', '6b86b273ff34fce19d6b804eff5a3f5747ada4eaa22f1d49c01e52ddb7875b4b', 'client'),
('client_883', 'client883@example.com', '6b86b273ff34fce19d6b804eff5a3f5747ada4eaa22f1d49c01e52ddb7875b4b', 'client'),
('client_884', 'client884@example.com', '6b86b273ff34fce19d6b804eff5a3f5747ada4eaa22f1d49c01e52ddb7875b4b', 'client'),
('client_885', 'client885@example.com', '6b86b273ff34fce19d6b804eff5a3f5747ada4eaa22f1d49c01e52ddb7875b4b', 'client'),
('client_886', 'client886@example.com', '6b86b273ff34fce19d6b804eff5a3f5747ada4eaa22f1d49c01e52ddb7875b4b', 'client'),
('client_887', 'client887@example.com', '6b86b273ff34fce19d6b804eff5a3f5747ada4eaa22f1d49c01e52ddb7875b4b', 'client'),
('client_888', 'client888@example.com', '6b86b273ff34fce19d6b804eff5a3f5747ada4eaa22f1d49c01e52ddb7875b4b', 'client'),
('client_889', 'client889@example.com', '6b86b273ff34fce19d6b804eff5a3f5747ada4eaa22f1d49c01e52ddb7875b4b', 'client'),
('client_890', 'client890@example.com', '6b86b273ff34fce19d6b804eff5a3f5747ada4eaa22f1d49c01e52ddb7875b4b', 'client'),
('client_891', 'client891@example.com', '6b86b273ff34fce19d6b804eff5a3f5747ada4eaa22f1d49c01e52ddb7875b4b', 'client'),
('client_892', 'client892@example.com', '6b86b273ff34fce19d6b804eff5a3f5747ada4eaa22f1d49c01e52ddb7875b4b', 'client'),
('client_893', 'client893@example.com', '6b86b273ff34fce19d6b804eff5a3f5747ada4eaa22f1d49c01e52ddb7875b4b', 'client'),
('client_894', 'client894@example.com', '6b86b273ff34fce19d6b804eff5a3f5747ada4eaa22f1d49c01e52ddb7875b4b', 'client'),
('client_895', 'client895@example.com', '6b86b273ff34fce19d6b804eff5a3f5747ada4eaa22f1d49c01e52ddb7875b4b', 'client'),
('client_896', 'client896@example.com', '6b86b273ff34fce19d6b804eff5a3f5747ada4eaa22f1d49c01e52ddb7875b4b', 'client'),
('client_897', 'client897@example.com', '6b86b273ff34fce19d6b804eff5a3f5747ada4eaa22f1d49c01e52ddb7875b4b', 'client'),
('client_898', 'client898@example.com', '6b86b273ff34fce19d6b804eff5a3f5747ada4eaa22f1d49c01e52ddb7875b4b', 'client'),
('client_899', 'client899@example.com', '6b86b273ff34fce19d6b804eff5a3f5747ada4eaa22f1d49c01e52ddb7875b4b', 'client'),
('client_900', 'client900@example.com', '6b86b273ff34fce19d6b804eff5a3f5747ada4eaa22f1d49c01e52ddb7875b4b', 'client'),
('client_901', 'client901@example.com', '6b86b273ff34fce19d6b804eff5a3f5747ada4eaa22f1d49c01e52ddb7875b4b', 'client'),
('client_902', 'client902@example.com', '6b86b273ff34fce19d6b804eff5a3f5747ada4eaa22f1d49c01e52ddb7875b4b', 'client'),
('client_903', 'client903@example.com', '6b86b273ff34fce19d6b804eff5a3f5747ada4eaa22f1d49c01e52ddb7875b4b', 'client'),
('client_904', 'client904@example.com', '6b86b273ff34fce19d6b804eff5a3f5747ada4eaa22f1d49c01e52ddb7875b4b', 'client'),
('client_905', 'client905@example.com', '6b86b273ff34fce19d6b804eff5a3f5747ada4eaa22f1d49c01e52ddb7875b4b', 'client'),
('client_906', 'client906@example.com', '6b86b273ff34fce19d6b804eff5a3f5747ada4eaa22f1d49c01e52ddb7875b4b', 'client'),
('client_907', 'client907@example.com', '6b86b273ff34fce19d6b804eff5a3f5747ada4eaa22f1d49c01e52ddb7875b4b', 'client'),
('client_908', 'client908@example.com', '6b86b273ff34fce19d6b804eff5a3f5747ada4eaa22f1d49c01e52ddb7875b4b', 'client'),
('client_909', 'client909@example.com', '6b86b273ff34fce19d6b804eff5a3f5747ada4eaa22f1d49c01e52ddb7875b4b', 'client'),
('client_910', 'client910@example.com', '6b86b273ff34fce19d6b804eff5a3f5747ada4eaa22f1d49c01e52ddb7875b4b', 'client'),
('client_911', 'client911@example.com', '6b86b273ff34fce19d6b804eff5a3f5747ada4eaa22f1d49c01e52ddb7875b4b', 'client'),
('client_912', 'client912@example.com', '6b86b273ff34fce19d6b804eff5a3f5747ada4eaa22f1d49c01e52ddb7875b4b', 'client'),
('client_913', 'client913@example.com', '6b86b273ff34fce19d6b804eff5a3f5747ada4eaa22f1d49c01e52ddb7875b4b', 'client'),
('client_914', 'client914@example.com', '6b86b273ff34fce19d6b804eff5a3f5747ada4eaa22f1d49c01e52ddb7875b4b', 'client'),
('client_915', 'client915@example.com', '6b86b273ff34fce19d6b804eff5a3f5747ada4eaa22f1d49c01e52ddb7875b4b', 'client'),
('client_916', 'client916@example.com', '6b86b273ff34fce19d6b804eff5a3f5747ada4eaa22f1d49c01e52ddb7875b4b', 'client'),
('client_917', 'client917@example.com', '6b86b273ff34fce19d6b804eff5a3f5747ada4eaa22f1d49c01e52ddb7875b4b', 'client'),
('client_918', 'client918@example.com', '6b86b273ff34fce19d6b804eff5a3f5747ada4eaa22f1d49c01e52ddb7875b4b', 'client'),
('client_919', 'client919@example.com', '6b86b273ff34fce19d6b804eff5a3f5747ada4eaa22f1d49c01e52ddb7875b4b', 'client'),
('client_920', 'client920@example.com', '6b86b273ff34fce19d6b804eff5a3f5747ada4eaa22f1d49c01e52ddb7875b4b', 'client'),
('client_921', 'client921@example.com', '6b86b273ff34fce19d6b804eff5a3f5747ada4eaa22f1d49c01e52ddb7875b4b', 'client'),
('client_922', 'client922@example.com', '6b86b273ff34fce19d6b804eff5a3f5747ada4eaa22f1d49c01e52ddb7875b4b', 'client'),
('client_923', 'client923@example.com', '6b86b273ff34fce19d6b804eff5a3f5747ada4eaa22f1d49c01e52ddb7875b4b', 'client'),
('client_924', 'client924@example.com', '6b86b273ff34fce19d6b804eff5a3f5747ada4eaa22f1d49c01e52ddb7875b4b', 'client'),
('client_925', 'client925@example.com', '6b86b273ff34fce19d6b804eff5a3f5747ada4eaa22f1d49c01e52ddb7875b4b', 'client'),
('client_926', 'client926@example.com', '6b86b273ff34fce19d6b804eff5a3f5747ada4eaa22f1d49c01e52ddb7875b4b', 'client'),
('client_927', 'client927@example.com', '6b86b273ff34fce19d6b804eff5a3f5747ada4eaa22f1d49c01e52ddb7875b4b', 'client'),
('client_928', 'client928@example.com', '6b86b273ff34fce19d6b804eff5a3f5747ada4eaa22f1d49c01e52ddb7875b4b', 'client'),
('client_929', 'client929@example.com', '6b86b273ff34fce19d6b804eff5a3f5747ada4eaa22f1d49c01e52ddb7875b4b', 'client'),
('client_930', 'client930@example.com', '6b86b273ff34fce19d6b804eff5a3f5747ada4eaa22f1d49c01e52ddb7875b4b', 'client'),
('client_931', 'client931@example.com', '6b86b273ff34fce19d6b804eff5a3f5747ada4eaa22f1d49c01e52ddb7875b4b', 'client'),
('client_932', 'client932@example.com', '6b86b273ff34fce19d6b804eff5a3f5747ada4eaa22f1d49c01e52ddb7875b4b', 'client'),
('client_933', 'client933@example.com', '6b86b273ff34fce19d6b804eff5a3f5747ada4eaa22f1d49c01e52ddb7875b4b', 'client'),
('client_934', 'client934@example.com', '6b86b273ff34fce19d6b804eff5a3f5747ada4eaa22f1d49c01e52ddb7875b4b', 'client'),
('client_935', 'client935@example.com', '6b86b273ff34fce19d6b804eff5a3f5747ada4eaa22f1d49c01e52ddb7875b4b', 'client'),
('client_936', 'client936@example.com', '6b86b273ff34fce19d6b804eff5a3f5747ada4eaa22f1d49c01e52ddb7875b4b', 'client'),
('client_937', 'client937@example.com', '6b86b273ff34fce19d6b804eff5a3f5747ada4eaa22f1d49c01e52ddb7875b4b', 'client'),
('client_938', 'client938@example.com', '6b86b273ff34fce19d6b804eff5a3f5747ada4eaa22f1d49c01e52ddb7875b4b', 'client'),
('client_939', 'client939@example.com', '6b86b273ff34fce19d6b804eff5a3f5747ada4eaa22f1d49c01e52ddb7875b4b', 'client'),
('client_940', 'client940@example.com', '6b86b273ff34fce19d6b804eff5a3f5747ada4eaa22f1d49c01e52ddb7875b4b', 'client'),
('client_941', 'client941@example.com', '6b86b273ff34fce19d6b804eff5a3f5747ada4eaa22f1d49c01e52ddb7875b4b', 'client'),
('client_942', 'client942@example.com', '6b86b273ff34fce19d6b804eff5a3f5747ada4eaa22f1d49c01e52ddb7875b4b', 'client'),
('client_943', 'client943@example.com', '6b86b273ff34fce19d6b804eff5a3f5747ada4eaa22f1d49c01e52ddb7875b4b', 'client'),
('client_944', 'client944@example.com', '6b86b273ff34fce19d6b804eff5a3f5747ada4eaa22f1d49c01e52ddb7875b4b', 'client'),
('client_945', 'client945@example.com', '6b86b273ff34fce19d6b804eff5a3f5747ada4eaa22f1d49c01e52ddb7875b4b', 'client'),
('client_946', 'client946@example.com', '6b86b273ff34fce19d6b804eff5a3f5747ada4eaa22f1d49c01e52ddb7875b4b', 'client'),
('client_947', 'client947@example.com', '6b86b273ff34fce19d6b804eff5a3f5747ada4eaa22f1d49c01e52ddb7875b4b', 'client'),
('client_948', 'client948@example.com', '6b86b273ff34fce19d6b804eff5a3f5747ada4eaa22f1d49c01e52ddb7875b4b', 'client'),
('client_949', 'client949@example.com', '6b86b273ff34fce19d6b804eff5a3f5747ada4eaa22f1d49c01e52ddb7875b4b', 'client'),
('client_950', 'client950@example.com', '6b86b273ff34fce19d6b804eff5a3f5747ada4eaa22f1d49c01e52ddb7875b4b', 'client'),
('client_951', 'client951@example.com', '6b86b273ff34fce19d6b804eff5a3f5747ada4eaa22f1d49c01e52ddb7875b4b', 'client'),
('client_952', 'client952@example.com', '6b86b273ff34fce19d6b804eff5a3f5747ada4eaa22f1d49c01e52ddb7875b4b', 'client'),
('client_953', 'client953@example.com', '6b86b273ff34fce19d6b804eff5a3f5747ada4eaa22f1d49c01e52ddb7875b4b', 'client'),
('client_954', 'client954@example.com', '6b86b273ff34fce19d6b804eff5a3f5747ada4eaa22f1d49c01e52ddb7875b4b', 'client'),
('client_955', 'client955@example.com', '6b86b273ff34fce19d6b804eff5a3f5747ada4eaa22f1d49c01e52ddb7875b4b', 'client'),
('client_956', 'client956@example.com', '6b86b273ff34fce19d6b804eff5a3f5747ada4eaa22f1d49c01e52ddb7875b4b', 'client'),
('client_957', 'client957@example.com', '6b86b273ff34fce19d6b804eff5a3f5747ada4eaa22f1d49c01e52ddb7875b4b', 'client'),
('client_958', 'client958@example.com', '6b86b273ff34fce19d6b804eff5a3f5747ada4eaa22f1d49c01e52ddb7875b4b', 'client'),
('client_959', 'client959@example.com', '6b86b273ff34fce19d6b804eff5a3f5747ada4eaa22f1d49c01e52ddb7875b4b', 'client'),
('client_960', 'client960@example.com', '6b86b273ff34fce19d6b804eff5a3f5747ada4eaa22f1d49c01e52ddb7875b4b', 'client'),
('client_961', 'client961@example.com', '6b86b273ff34fce19d6b804eff5a3f5747ada4eaa22f1d49c01e52ddb7875b4b', 'client'),
('client_962', 'client962@example.com', '6b86b273ff34fce19d6b804eff5a3f5747ada4eaa22f1d49c01e52ddb7875b4b', 'client'),
('client_963', 'client963@example.com', '6b86b273ff34fce19d6b804eff5a3f5747ada4eaa22f1d49c01e52ddb7875b4b', 'client'),
('client_964', 'client964@example.com', '6b86b273ff34fce19d6b804eff5a3f5747ada4eaa22f1d49c01e52ddb7875b4b', 'client'),
('client_965', 'client965@example.com', '6b86b273ff34fce19d6b804eff5a3f5747ada4eaa22f1d49c01e52ddb7875b4b', 'client'),
('client_966', 'client966@example.com', '6b86b273ff34fce19d6b804eff5a3f5747ada4eaa22f1d49c01e52ddb7875b4b', 'client'),
('client_967', 'client967@example.com', '6b86b273ff34fce19d6b804eff5a3f5747ada4eaa22f1d49c01e52ddb7875b4b', 'client'),
('client_968', 'client968@example.com', '6b86b273ff34fce19d6b804eff5a3f5747ada4eaa22f1d49c01e52ddb7875b4b', 'client'),
('client_969', 'client969@example.com', '6b86b273ff34fce19d6b804eff5a3f5747ada4eaa22f1d49c01e52ddb7875b4b', 'client'),
('client_970', 'client970@example.com', '6b86b273ff34fce19d6b804eff5a3f5747ada4eaa22f1d49c01e52ddb7875b4b', 'client'),
('client_971', 'client971@example.com', '6b86b273ff34fce19d6b804eff5a3f5747ada4eaa22f1d49c01e52ddb7875b4b', 'client'),
('client_972', 'client972@example.com', '6b86b273ff34fce19d6b804eff5a3f5747ada4eaa22f1d49c01e52ddb7875b4b', 'client'),
('client_973', 'client973@example.com', '6b86b273ff34fce19d6b804eff5a3f5747ada4eaa22f1d49c01e52ddb7875b4b', 'client'),
('client_974', 'client974@example.com', '6b86b273ff34fce19d6b804eff5a3f5747ada4eaa22f1d49c01e52ddb7875b4b', 'client'),
('client_975', 'client975@example.com', '6b86b273ff34fce19d6b804eff5a3f5747ada4eaa22f1d49c01e52ddb7875b4b', 'client'),
('client_976', 'client976@example.com', '6b86b273ff34fce19d6b804eff5a3f5747ada4eaa22f1d49c01e52ddb7875b4b', 'client'),
('client_977', 'client977@example.com', '6b86b273ff34fce19d6b804eff5a3f5747ada4eaa22f1d49c01e52ddb7875b4b', 'client'),
('client_978', 'client978@example.com', '6b86b273ff34fce19d6b804eff5a3f5747ada4eaa22f1d49c01e52ddb7875b4b', 'client'),
('client_979', 'client979@example.com', '6b86b273ff34fce19d6b804eff5a3f5747ada4eaa22f1d49c01e52ddb7875b4b', 'client'),
('client_980', 'client980@example.com', '6b86b273ff34fce19d6b804eff5a3f5747ada4eaa22f1d49c01e52ddb7875b4b', 'client'),
('client_981', 'client981@example.com', '6b86b273ff34fce19d6b804eff5a3f5747ada4eaa22f1d49c01e52ddb7875b4b', 'client'),
('client_982', 'client982@example.com', '6b86b273ff34fce19d6b804eff5a3f5747ada4eaa22f1d49c01e52ddb7875b4b', 'client'),
('client_983', 'client983@example.com', '6b86b273ff34fce19d6b804eff5a3f5747ada4eaa22f1d49c01e52ddb7875b4b', 'client'),
('client_984', 'client984@example.com', '6b86b273ff34fce19d6b804eff5a3f5747ada4eaa22f1d49c01e52ddb7875b4b', 'client'),
('client_985', 'client985@example.com', '6b86b273ff34fce19d6b804eff5a3f5747ada4eaa22f1d49c01e52ddb7875b4b', 'client'),
('client_986', 'client986@example.com', '6b86b273ff34fce19d6b804eff5a3f5747ada4eaa22f1d49c01e52ddb7875b4b', 'client'),
('client_987', 'client987@example.com', '6b86b273ff34fce19d6b804eff5a3f5747ada4eaa22f1d49c01e52ddb7875b4b', 'client'),
('client_988', 'client988@example.com', '6b86b273ff34fce19d6b804eff5a3f5747ada4eaa22f1d49c01e52ddb7875b4b', 'client'),
('client_989', 'client989@example.com', '6b86b273ff34fce19d6b804eff5a3f5747ada4eaa22f1d49c01e52ddb7875b4b', 'client'),
('client_990', 'client990@example.com', '6b86b273ff34fce19d6b804eff5a3f5747ada4eaa22f1d49c01e52ddb7875b4b', 'client'),
('client_991', 'client991@example.com', '6b86b273ff34fce19d6b804eff5a3f5747ada4eaa22f1d49c01e52ddb7875b4b', 'client'),
('client_992', 'client992@example.com', '6b86b273ff34fce19d6b804eff5a3f5747ada4eaa22f1d49c01e52ddb7875b4b', 'client'),
('client_993', 'client993@example.com', '6b86b273ff34fce19d6b804eff5a3f5747ada4eaa22f1d49c01e52ddb7875b4b', 'client'),
('client_994', 'client994@example.com', '6b86b273ff34fce19d6b804eff5a3f5747ada4eaa22f1d49c01e52ddb7875b4b', 'client'),
('client_995', 'client995@example.com', '6b86b273ff34fce19d6b804eff5a3f5747ada4eaa22f1d49c01e52ddb7875b4b', 'client'),
('client_996', 'client996@example.com', '6b86b273ff34fce19d6b804eff5a3f5747ada4eaa22f1d49c01e52ddb7875b4b', 'client'),
('client_997', 'client997@example.com', '6b86b273ff34fce19d6b804eff5a3f5747ada4eaa22f1d49c01e52ddb7875b4b', 'client'),
('client_998', 'client998@example.com', '6b86b273ff34fce19d6b804eff5a3f5747ada4eaa22f1d49c01e52ddb7875b4b', 'client'),
('client_999', 'client999@example.com', '6b86b273ff34fce19d6b804eff5a3f5747ada4eaa22f1d49c01e52ddb7875b4b', 'client');

INSERT INTO categories (parentCategoryID, name) VALUES
(null, 'polo'),
(null, 'sweatshirt'),
(null, 'jeans'),
(null, 'kaki'),
(null, 'hat');

INSERT INTO promotions (name, discount, startDate, endDate) VALUES
('Exprired Sale', 10, '2024-11-20', '2024-12-19'),
('Normal Sale', 20, '2024-12-13', '2024-12-27'),
('Special Sale', 65, '2024-12-13', '2024-12-27'),
('Comming Soon Sale', 50, '2024-12-27', '2025-01-03');

INSERT INTO variations (nameAtribute, type) VALUES
('Color', Null),
('Size', Null);

INSERT INTO products (categoryID, promotionID, name, description, image) VALUES
(1, 1,'polo nam','Description for polo','polo-black.jpg'),
(2, 2,'sweatshirt nam','Description for sweatshirt','sweatshirt-black.jpg'),
(3, 3,'jeans nam','Description for jeans','jeans-light-green.jpg'),
(4, 4,'kaki nam','Description for kaki','kaki-white.jpg'),
(5, Null,'hat nam','Description for hat','hat-black.jpg');

INSERT INTO productItem (productID, sku, quantity, price, image) VALUES
(1, 'polo-black-s', 10, 100000, 'polo-black.jpg'),
(1, 'polo-black-m', 10, 100000, 'polo-black.jpg'),
(1, 'polo-black-l', 10, 100000, 'polo-black.jpg'),
(1, 'polo-black-xl', 10, 100000, 'polo-black.jpg'),
(1, 'polo-light-grey-s', 10, 100000, 'polo-light-grey.jpg'),
(1, 'polo-light-grey-m', 10, 100000, 'polo-light-grey.jpg'),
(1, 'polo-light-grey-l', 10, 100000, 'polo-light-grey.jpg'),
(1, 'polo-light-grey-xl', 10, 100000, 'polo-light-grey.jpg'),
(2, 'sweatshirt-black-s', 10, 100000, 'sweatshirt-black.jpg'),
(2, 'sweatshirt-black-m', 10, 100000, 'sweatshirt-black.jpg'),
(2, 'sweatshirt-black-l', 10, 100000, 'sweatshirt-black.jpg'),
(2, 'sweatshirt-black-xl', 10, 100000, 'sweatshirt-black.jpg'),
(2, 'sweatshirt-green-s', 10, 100000, 'sweatshirt-green.jpg'),
(2, 'sweatshirt-green-m', 10, 100000, 'sweatshirt-green.jpg'),
(2, 'sweatshirt-green-l', 10, 100000, 'sweatshirt-green.jpg'),
(2, 'sweatshirt-green-xl', 10, 100000, 'sweatshirt-green.jpg'),
(3, 'jeans-light-green-29', 10, 100000, 'jeans-light-green.jpg'),
(3, 'jeans-light-green-30', 10, 100000, 'jeans-light-green.jpg'),
(3, 'jeans-light-green-31', 10, 100000, 'jeans-light-green.jpg'),
(3, 'jeans-light-green-32', 10, 100000, 'jeans-light-green.jpg'),
(3, 'jeans-light-green-34', 10, 100000, 'jeans-light-green.jpg'),
(4, 'kaki-white-29', 10, 100000, 'kaki-white.jpg'),
(4, 'kaki-white-30', 10, 100000, 'kaki-white.jpg'),
(4, 'kaki-white-31', 10, 100000, 'kaki-white.jpg'),
(4, 'kaki-white-32', 10, 100000, 'kaki-white.jpg'),
(4, 'kaki-white-34', 10, 100000, 'kaki-white.jpg'),
(4, 'kaki-grey-29', 10, 100000, 'kaki-grey.jpg'),
(4, 'kaki-grey-30', 10, 100000, 'kaki-grey.jpg'),
(4, 'kaki-grey-31', 10, 100000, 'kaki-grey.jpg'),
(4, 'kaki-grey-32', 10, 100000, 'kaki-grey.jpg'),
(4, 'kaki-grey-34', 10, 100000, 'kaki-grey.jpg'),
(5, 'hat-black', 10, 100000, 'hat-black.jpg');

INSERT INTO variationOption (productItemID, variationID, value) VALUES
(1, 1, 'black'),
(2, 1, 'black'),
(3, 1, 'black'),
(4, 1, 'black'),
(1, 2, 's'),
(2, 2, 'm'),
(3, 2, 'l'),
(4, 2, 'xl'),
(5, 1, 'light grey'),
(6, 1, 'light grey'),
(7, 1, 'light grey'),
(8, 1, 'light grey'),
(5, 2, 's'),
(6, 2, 'm'),
(7, 2, 'l'),
(8, 2, 'xl'),
(9, 1, 'black'),
(10, 1, 'black'),
(11, 1, 'black'),
(12, 1, 'black'),
(9, 2, 's'),
(10, 2, 'm'),
(11, 2, 'l'),
(12, 2, 'xl'),
(13, 1, 'green'),
(14, 1, 'green'),
(15, 1, 'green'),
(16, 1, 'green'),
(13, 2, 's'),
(14, 2, 'm'),
(15, 2, 'l'),
(16, 2, 'xl'),
(17, 1, 'green'),
(18, 1, 'green'),
(19, 1, 'green'),
(20, 1, 'green'),
(21, 1, 'green'),
(17, 2, '29'),
(18, 2, '30'),
(19, 2, '31'),
(20, 2, '32'),
(21, 2, '34'),
(22, 1, 'white'),
(23, 1, 'white'),
(24, 1, 'white'),
(25, 1, 'white'),
(26, 1, 'white'),
(22, 2, '29'),
(23, 2, '30'),
(24, 2, '31'),
(25, 2, '32'),
(26, 2, '34'),
(27, 1, 'grey'),
(28, 1, 'grey'),
(29, 1, 'grey'),
(30, 1, 'grey'),
(31, 1, 'grey'),
(27, 2, '29'),
(28, 2, '30'),
(29, 2, '31'),
(30, 2, '32'),
(31, 2, '34'),
(32, 1, 'black');

INSERT INTO carts (userID, productItemID, quantity) VALUES
(8, 15, 4),
(66, 18, 5),
(60, 15, 4),
(70, 2, 3),
(29, 20, 1),
(77, 4, 4),
(55, 19, 1),
(15, 20, 5),
(30, 13, 2),
(68, 1, 5),
(40, 4, 5),
(77, 12, 1),
(95, 17, 1),
(9, 8, 3),
(13, 20, 5),
(15, 9, 4),
(96, 2, 2),
(26, 11, 5),
(97, 7, 2),
(39, 14, 2),
(93, 6, 5),
(55, 7, 2),
(26, 12, 3),
(82, 20, 1),
(13, 17, 4),
(68, 16, 1),
(44, 14, 2),
(78, 16, 1),
(63, 1, 5),
(62, 20, 3),
(84, 18, 5),
(17, 4, 1),
(2, 20, 3),
(78, 2, 5),
(65, 18, 3),
(82, 10, 2),
(40, 6, 4),
(17, 15, 3),
(50, 17, 3),
(31, 2, 1),
(54, 19, 5),
(1, 3, 3),
(35, 7, 3),
(56, 17, 3),
(33, 19, 3),
(2, 20, 5),
(18, 6, 5),
(66, 16, 3),
(47, 18, 4),
(55, 9, 4);

INSERT INTO payments (name, price) VALUES
('Cash', 46),
('Credit Card', 21),
('PayPal', 29),
('Bank Transfer', 50),
('Digital Wallet', 18);

INSERT INTO orders (userID, paymentID, fullName, phone, address, note, status) VALUES
(62, 1, 'Customer 1', '9560971069', 'Address 1', 'Note 1', 'completed'),
(13, 2, 'Customer 2', '9473762676', 'Address 2', 'Note 2', 'cancelled'),
(9, 4, 'Customer 3', '4906595851', 'Address 3', 'Note 3', 'completed'),
(72, 3, 'Customer 4', '6034937053', 'Address 4', 'Note 4', 'completed'),
(24, 1, 'Customer 5', '9204724509', 'Address 5', 'Note 5', 'completed'),
(24, 1, 'Customer 6', '3482572557', 'Address 6', 'Note 6', 'processing'),
(20, 1, 'Customer 7', '6407658517', 'Address 7', 'Note 7', 'completed'),
(3, 5, 'Customer 8', '4195624569', 'Address 8', 'Note 8', 'processing'),
(50, 3, 'Customer 9', '5059531580', 'Address 9', 'Note 9', 'processing'),
(89, 1, 'Customer 10', '5054210825', 'Address 10', 'Note 10', 'processing'),
(91, 5, 'Customer 11', '9302983298', 'Address 11', 'Note 11', 'processing'),
(59, 2, 'Customer 12', '3276759983', 'Address 12', 'Note 12', 'processing'),
(36, 3, 'Customer 13', '3775484830', 'Address 13', 'Note 13', 'completed'),
(3, 5, 'Customer 14', '1710687040', 'Address 14', 'Note 14', 'completed'),
(36, 3, 'Customer 15', '1996262997', 'Address 15', 'Note 15', 'processing'),
(37, 4, 'Customer 16', '3620076301', 'Address 16', 'Note 16', 'cancelled'),
(16, 5, 'Customer 17', '5287738459', 'Address 17', 'Note 17', 'completed'),
(55, 2, 'Customer 18', '7305530048', 'Address 18', 'Note 18', 'processing'),
(12, 1, 'Customer 19', '2364425688', 'Address 19', 'Note 19', 'cancelled'),
(86, 2, 'Customer 20', '1574574094', 'Address 20', 'Note 20', 'cancelled'),
(27, 3, 'Customer 21', '5584588337', 'Address 21', 'Note 21', 'cancelled'),
(50, 5, 'Customer 22', '7061287052', 'Address 22', 'Note 22', 'completed'),
(11, 3, 'Customer 23', '3032488449', 'Address 23', 'Note 23', 'cancelled'),
(56, 2, 'Customer 24', '4734402776', 'Address 24', 'Note 24', 'completed'),
(31, 4, 'Customer 25', '1890975083', 'Address 25', 'Note 25', 'completed'),
(85, 5, 'Customer 26', '5030721105', 'Address 26', 'Note 26', 'cancelled'),
(59, 5, 'Customer 27', '5765855284', 'Address 27', 'Note 27', 'completed'),
(29, 1, 'Customer 28', '7305265325', 'Address 28', 'Note 28', 'completed'),
(22, 3, 'Customer 29', '6690798245', 'Address 29', 'Note 29', 'cancelled'),
(68, 4, 'Customer 30', '5769747432', 'Address 30', 'Note 30', 'cancelled'),
(99, 4, 'Customer 31', '1476772745', 'Address 31', 'Note 31', 'cancelled'),
(17, 3, 'Customer 32', '5905643188', 'Address 32', 'Note 32', 'cancelled'),
(28, 3, 'Customer 33', '5845786586', 'Address 33', 'Note 33', 'completed'),
(26, 5, 'Customer 34', '4937593975', 'Address 34', 'Note 34', 'processing'),
(77, 5, 'Customer 35', '2193309236', 'Address 35', 'Note 35', 'processing'),
(89, 5, 'Customer 36', '1344808610', 'Address 36', 'Note 36', 'processing'),
(80, 2, 'Customer 37', '8016279800', 'Address 37', 'Note 37', 'completed'),
(67, 1, 'Customer 38', '2266581819', 'Address 38', 'Note 38', 'cancelled'),
(83, 2, 'Customer 39', '7758447910', 'Address 39', 'Note 39', 'completed'),
(76, 2, 'Customer 40', '7963936948', 'Address 40', 'Note 40', 'processing'),
(21, 1, 'Customer 41', '1314294216', 'Address 41', 'Note 41', 'completed'),
(35, 1, 'Customer 42', '3101864518', 'Address 42', 'Note 42', 'completed'),
(77, 2, 'Customer 43', '1228431938', 'Address 43', 'Note 43', 'completed'),
(74, 5, 'Customer 44', '9394772588', 'Address 44', 'Note 44', 'processing'),
(29, 4, 'Customer 45', '3894654701', 'Address 45', 'Note 45', 'processing'),
(34, 5, 'Customer 46', '2042392764', 'Address 46', 'Note 46', 'cancelled'),
(77, 2, 'Customer 47', '1564666482', 'Address 47', 'Note 47', 'completed'),
(86, 5, 'Customer 48', '9785017725', 'Address 48', 'Note 48', 'cancelled'),
(45, 3, 'Customer 49', '5596668846', 'Address 49', 'Note 49', 'cancelled'),
(31, 2, 'Customer 50', '5605019096', 'Address 50', 'Note 50', 'processing'),
(18, 4, 'Customer 51', '9412756356', 'Address 51', 'Note 51', 'processing'),
(53, 3, 'Customer 52', '1526867836', 'Address 52', 'Note 52', 'processing'),
(71, 5, 'Customer 53', '8442407410', 'Address 53', 'Note 53', 'processing'),
(69, 4, 'Customer 54', '5691241995', 'Address 54', 'Note 54', 'processing'),
(83, 4, 'Customer 55', '6592000618', 'Address 55', 'Note 55', 'completed'),
(35, 1, 'Customer 56', '1413787483', 'Address 56', 'Note 56', 'cancelled'),
(35, 4, 'Customer 57', '3477290235', 'Address 57', 'Note 57', 'processing'),
(27, 4, 'Customer 58', '8227801760', 'Address 58', 'Note 58', 'cancelled'),
(3, 2, 'Customer 59', '8745003550', 'Address 59', 'Note 59', 'processing'),
(67, 1, 'Customer 60', '6517808363', 'Address 60', 'Note 60', 'completed'),
(1, 4, 'Customer 61', '2379900378', 'Address 61', 'Note 61', 'cancelled'),
(33, 1, 'Customer 62', '7678272811', 'Address 62', 'Note 62', 'cancelled'),
(78, 3, 'Customer 63', '1046775105', 'Address 63', 'Note 63', 'cancelled'),
(42, 4, 'Customer 64', '2636179504', 'Address 64', 'Note 64', 'processing'),
(62, 1, 'Customer 65', '1775070205', 'Address 65', 'Note 65', 'cancelled'),
(36, 5, 'Customer 66', '9193702378', 'Address 66', 'Note 66', 'processing'),
(53, 4, 'Customer 67', '5443776677', 'Address 67', 'Note 67', 'completed'),
(70, 4, 'Customer 68', '7195284571', 'Address 68', 'Note 68', 'completed'),
(93, 3, 'Customer 69', '4432368731', 'Address 69', 'Note 69', 'completed'),
(40, 5, 'Customer 70', '4691386201', 'Address 70', 'Note 70', 'cancelled'),
(7, 2, 'Customer 71', '4359806772', 'Address 71', 'Note 71', 'cancelled'),
(94, 1, 'Customer 72', '9059090963', 'Address 72', 'Note 72', 'cancelled'),
(75, 1, 'Customer 73', '2321216496', 'Address 73', 'Note 73', 'processing'),
(15, 4, 'Customer 74', '5480215952', 'Address 74', 'Note 74', 'processing'),
(61, 4, 'Customer 75', '6801895333', 'Address 75', 'Note 75', 'completed'),
(9, 1, 'Customer 76', '7279492661', 'Address 76', 'Note 76', 'cancelled'),
(86, 4, 'Customer 77', '6137382901', 'Address 77', 'Note 77', 'cancelled'),
(53, 2, 'Customer 78', '2527462443', 'Address 78', 'Note 78', 'processing'),
(18, 5, 'Customer 79', '4072313347', 'Address 79', 'Note 79', 'processing'),
(87, 2, 'Customer 80', '3712713156', 'Address 80', 'Note 80', 'cancelled'),
(29, 3, 'Customer 81', '2149039829', 'Address 81', 'Note 81', 'cancelled'),
(11, 5, 'Customer 82', '7018838519', 'Address 82', 'Note 82', 'completed'),
(50, 4, 'Customer 83', '3314264886', 'Address 83', 'Note 83', 'cancelled'),
(29, 4, 'Customer 84', '7518006401', 'Address 84', 'Note 84', 'processing'),
(10, 1, 'Customer 85', '4695253855', 'Address 85', 'Note 85', 'completed'),
(61, 4, 'Customer 86', '4976626569', 'Address 86', 'Note 86', 'completed'),
(3, 1, 'Customer 87', '1235085546', 'Address 87', 'Note 87', 'cancelled'),
(80, 5, 'Customer 88', '6031307525', 'Address 88', 'Note 88', 'cancelled'),
(13, 2, 'Customer 89', '5008013705', 'Address 89', 'Note 89', 'completed'),
(35, 4, 'Customer 90', '3378658840', 'Address 90', 'Note 90', 'completed'),
(19, 2, 'Customer 91', '8482174898', 'Address 91', 'Note 91', 'cancelled'),
(2, 3, 'Customer 92', '1021411744', 'Address 92', 'Note 92', 'cancelled'),
(59, 4, 'Customer 93', '8236273111', 'Address 93', 'Note 93', 'completed'),
(55, 5, 'Customer 94', '3166245953', 'Address 94', 'Note 94', 'processing'),
(48, 2, 'Customer 95', '1794472019', 'Address 95', 'Note 95', 'cancelled'),
(58, 4, 'Customer 96', '2399147479', 'Address 96', 'Note 96', 'completed'),
(6, 2, 'Customer 97', '7649891194', 'Address 97', 'Note 97', 'processing'),
(91, 1, 'Customer 98', '7084519512', 'Address 98', 'Note 98', 'cancelled'),
(93, 3, 'Customer 99', '1185112975', 'Address 99', 'Note 99', 'completed'),
(61, 3, 'Customer 100', '3061584303', 'Address 100', 'Note 100', 'completed');

INSERT INTO orderItem (orderID, productItemID, quantity, price) VALUES
(40, 3, 5, 564),
(4, 15, 4, 314),
(15, 3, 2, 23),
(62, 12, 5, 187),
(82, 15, 4, 639),
(95, 5, 2, 197),
(18, 2, 1, 792),
(9, 8, 5, 382),
(61, 13, 4, 380),
(38, 15, 1, 152),
(27, 11, 4, 618),
(40, 19, 3, 762),
(78, 7, 3, 851),
(55, 16, 1, 717),
(67, 16, 2, 404),
(3, 13, 5, 181),
(23, 4, 5, 939),
(76, 7, 3, 682),
(12, 18, 5, 800),
(27, 11, 2, 634),
(2, 2, 5, 166),
(14, 19, 5, 788),
(75, 5, 3, 929),
(76, 1, 2, 121),
(94, 4, 3, 262),
(10, 16, 1, 732),
(41, 7, 5, 233),
(5, 10, 5, 161),
(80, 14, 5, 912),
(22, 19, 3, 704),
(99, 12, 1, 537),
(19, 5, 5, 436),
(64, 6, 1, 157),
(82, 12, 4, 146),
(93, 6, 1, 248),
(61, 14, 1, 323),
(68, 5, 4, 859),
(10, 9, 3, 311),
(95, 9, 1, 160),
(21, 20, 4, 738),
(29, 16, 1, 998),
(2, 13, 3, 855),
(89, 4, 1, 479),
(57, 14, 1, 555),
(39, 9, 1, 476),
(36, 12, 4, 874),
(66, 17, 5, 84),
(99, 3, 4, 938),
(67, 1, 4, 298),
(92, 5, 4, 241),
(100, 11, 5, 14),
(68, 18, 2, 848),
(77, 7, 1, 519),
(46, 19, 4, 111),
(74, 15, 4, 605),
(38, 5, 2, 389),
(46, 5, 1, 53),
(36, 3, 4, 778),
(74, 12, 1, 337),
(49, 12, 1, 40),
(79, 15, 5, 127),
(12, 11, 5, 623),
(20, 20, 1, 416),
(65, 2, 2, 467),
(45, 12, 2, 594),
(72, 17, 3, 120),
(39, 14, 1, 465),
(31, 19, 5, 890),
(42, 12, 3, 177),
(78, 12, 2, 192),
(90, 19, 1, 743),
(21, 15, 5, 938),
(83, 18, 5, 979),
(46, 2, 4, 448),
(44, 1, 1, 855),
(46, 10, 1, 722),
(87, 4, 1, 557),
(51, 11, 1, 477),
(45, 18, 5, 301),
(97, 16, 1, 285),
(28, 9, 3, 659),
(21, 18, 2, 938),
(52, 12, 5, 57),
(79, 10, 5, 204),
(27, 13, 4, 714),
(89, 15, 3, 45),
(29, 17, 4, 147),
(46, 9, 3, 981),
(31, 17, 3, 259),
(46, 7, 2, 966),
(48, 9, 4, 186),
(56, 19, 2, 958),
(72, 6, 1, 926),
(83, 20, 1, 669),
(4, 7, 3, 760),
(57, 14, 4, 811),
(6, 19, 4, 830),
(46, 2, 2, 493),
(26, 15, 1, 700),
(46, 6, 4, 738),
(91, 6, 2, 261),
(95, 2, 1, 73),
(77, 3, 4, 678),
(63, 11, 3, 800),
(42, 1, 4, 836),
(61, 3, 1, 326),
(51, 10, 2, 731),
(61, 13, 3, 679),
(25, 14, 2, 694),
(92, 6, 3, 730),
(31, 8, 4, 828),
(25, 6, 1, 482),
(96, 10, 5, 634),
(61, 3, 3, 767),
(59, 9, 3, 100),
(27, 10, 1, 617),
(71, 13, 4, 947),
(73, 20, 4, 366),
(59, 10, 5, 105),
(18, 4, 1, 236),
(14, 16, 1, 596),
(42, 18, 3, 395),
(72, 6, 4, 78),
(95, 5, 2, 394),
(83, 5, 5, 682),
(65, 1, 1, 457),
(76, 17, 5, 587),
(88, 20, 3, 441),
(10, 19, 5, 12),
(48, 16, 1, 197),
(31, 3, 2, 582),
(57, 2, 5, 162),
(22, 8, 1, 222),
(90, 20, 2, 151),
(70, 14, 3, 69),
(81, 19, 4, 57),
(87, 14, 2, 601),
(62, 18, 3, 832),
(36, 20, 3, 162),
(30, 19, 5, 577),
(74, 8, 3, 565),
(75, 7, 4, 480),
(75, 8, 2, 320),
(29, 6, 2, 775),
(89, 10, 2, 484),
(27, 20, 2, 674),
(78, 4, 4, 657),
(69, 18, 4, 613),
(29, 19, 5, 868),
(62, 2, 4, 112),
(37, 3, 3, 985),
(95, 4, 4, 714),
(53, 14, 4, 567),
(47, 11, 1, 169),
(26, 5, 3, 354),
(81, 15, 3, 231),
(97, 19, 5, 455),
(72, 5, 2, 243),
(89, 11, 3, 361),
(88, 12, 3, 125),
(15, 6, 5, 619),
(16, 9, 5, 199),
(47, 13, 2, 289),
(99, 13, 5, 876),
(5, 18, 3, 745),
(99, 3, 4, 975),
(62, 15, 3, 209),
(17, 15, 4, 446),
(14, 17, 4, 244),
(3, 11, 3, 678),
(56, 1, 3, 607),
(32, 5, 5, 494),
(8, 11, 3, 737),
(92, 4, 1, 176),
(3, 2, 5, 666),
(26, 17, 4, 983),
(11, 2, 3, 102),
(75, 10, 5, 351),
(72, 16, 5, 840),
(57, 17, 1, 706),
(64, 10, 2, 827),
(74, 14, 5, 616),
(70, 10, 4, 572),
(75, 4, 4, 961),
(12, 6, 2, 543),
(72, 10, 2, 318),
(37, 13, 5, 877),
(39, 1, 1, 947),
(45, 18, 5, 187),
(100, 18, 3, 991),
(67, 2, 5, 382),
(24, 10, 4, 448),
(31, 1, 3, 292),
(9, 11, 4, 357),
(87, 18, 5, 903),
(18, 14, 1, 92),
(3, 10, 1, 60),
(43, 19, 5, 330),
(5, 10, 1, 642),
(62, 2, 4, 99);
